POINT_ID,FROM_DATE,TO_DATE,POINT_LON,POINT_LAT,POINT_ELEVATION,POINT_BALANCE,YEAR,RGIId,aspect,slope
B1,20211024,20220604,-71.4132942,-36.834797,2850.216,-11.34,2022,RGI60-17.13045,4.722618103027344,0.4468679428100586
B2,20220115,20220604,-71.4121187,-36.8343062,2884.16,-12.58,2022,RGI60-17.13045,4.722618103027344,0.4468679428100586
B3,20211024,20220604,-71.4149804,-36.8373411,2747.15,-8.67,2022,RGI60-17.13045,4.722618103027344,0.4468679428100586
B4,20211024,20220604,-71.4141606,-36.8360787,2795.9,-12.39,2022,RGI60-17.13045,4.722618103027344,0.4468679428100586
B5,20211024,20220604,-71.4147986,-36.835262,2813.83,-3.43,2022,RGI60-17.13045,4.722618103027344,0.4468679428100586
B1,20221022,20231204,-71.4121886,-36.8343589,2877.33,-10.61,2023,RGI60-17.13045,4.722618103027344,0.4468679428100586
B2,20221022,20231204,-71.4127013,-36.8336928,2904.88,-11.77,2023,RGI60-17.13045,4.722618103027344,0.4468679428100586
B3,20221022,20231204,-71.4142017,-36.835798,2796.72,-11.93,2023,RGI60-17.13045,4.722618103027344,0.4468679428100586
B4,20221022,20231204,-71.4149252,-36.836251,2775.22,-11.35,2023,RGI60-17.13045,4.722618103027344,0.4468679428100586
B5,20221022,20231204,-71.4127445,-36.8365995,2787.54,-11.14,2023,RGI60-17.13045,4.722618103027344,0.4468679428100586
B6,20221022,20231204,-71.4154303,-36.8349692,2820.46,-9.35,2023,RGI60-17.13045,4.722618103027344,0.4468679428100586
B1A,20231026,20240904,-71.41404,-36.8362875,2777.0,-9.98,2024,RGI60-17.13045,4.722618103027344,0.4468679428100586
B2,20231026,20240409,-71.4146945,-36.8351277,2813.08,-7.74,2024,RGI60-17.13045,4.722618103027344,0.4468679428100586
B2A,20231026,20240409,-71.4143315,-36.8353638,2801.74,-9.54,2024,RGI60-17.13045,4.722618103027344,0.4468679428100586
B3A,20231026,20240409,-71.4136343,-36.8357902,2798.79,-9.78,2024,RGI60-17.13045,4.722618103027344,0.4468679428100586
B4,20231026,20240409,-71.4133212,-36.8365135,2786.71,-9.64,2024,RGI60-17.13045,4.722618103027344,0.4468679428100586
B4A,20231026,20240326,-71.4132959,-36.8365382,2779.0,-8.89,2024,RGI60-17.13045,4.722618103027344,0.4468679428100586
A2,20140426,20141218,-70.002,-29.304,5181.0,-3.57,2014,RGI60-17.14887,4.501760005950928,0.2589404582977295
A7,20140426,20141218,-70.002,-29.302,5230.0,-4.17,2014,RGI60-17.14887,4.501760005950928,0.2589404582977295
A7,20140426,20150514,-70.002,-29.302,5230.0,-8.74,2015,RGI60-17.14887,4.501760005950928,0.2589404582977295
A8,20140426,20141218,-70.003,-29.304,5179.0,-2.89,2014,RGI60-17.14887,4.501760005950928,0.2589404582977295
A8,20140426,20150514,-70.003,-29.304,5179.0,-1.26,2015,RGI60-17.14887,4.501760005950928,0.2589404582977295
A6,20140426,20150514,-69.999,-29.303,5211.0,-1.11,2015,RGI60-17.14887,4.501760005950928,0.2589404582977295
A6,20140426,20141218,-69.999,-29.303,5211.0,1.48,2014,RGI60-17.14887,4.501760005950928,0.2589404582977295
A5,20140426,20150514,-70.002,-29.304,5151.0,-2.04,2015,RGI60-17.14887,4.501760005950928,0.2589404582977295
A5,20140426,20141218,-70.002,-29.304,5151.0,-3.4,2014,RGI60-17.14887,4.501760005950928,0.2589404582977295
A4,20140426,20150514,-70.0,-29.304,5168.0,-1.22,2015,RGI60-17.14887,4.501760005950928,0.2589404582977295
A4,20140426,20141218,-70.0,-29.304,5168.0,-0.17,2014,RGI60-17.14887,4.501760005950928,0.2589404582977295
A2,20140426,20150514,-70.002,-29.304,5181.0,-1.41,2015,RGI60-17.14887,4.501760005950928,0.2589404582977295
A1,20140426,20141218,-70.0,-29.302,5241.0,-2.55,2014,RGI60-17.14887,4.501760005950928,0.2589404582977295
A1,20140426,20150514,-70.0,-29.302,5241.0,-8.15,2015,RGI60-17.14887,4.501760005950928,0.2589404582977295
B01,20211001,20220301,-70.109,-32.991,3059.0,-7.74,2022,RGI60-17.14088,0.4125577211380005,0.47607845067977905
B02,20211001,20220301,-70.109,-32.992,3083.0,-7.78,2022,RGI60-17.14088,0.4125577211380005,0.47607845067977905
B04,20211001,20220301,-70.105,-32.995,3137.0,-5.42,2022,RGI60-17.14088,0.4125577211380005,0.47607845067977905
B07,20211001,20220301,-70.101,-32.998,3195.0,-6.87,2022,RGI60-17.14088,0.4125577211380005,0.47607845067977905
B01,20221021,20230422,-70.109,-32.991,3059.0,-10.52,2023,RGI60-17.14088,0.4125577211380005,0.47607845067977905
B02,20221021,20230422,-70.109,-32.992,3083.0,-11.52,2023,RGI60-17.14088,0.4125577211380005,0.47607845067977905
B03,20221021,20230121,-70.107,-32.993,3104.0,-3.6,2023,RGI60-17.14088,0.4125577211380005,0.47607845067977905
B04,20221021,20230422,-70.105,-32.995,3137.0,-8.7,2023,RGI60-17.14088,0.4125577211380005,0.47607845067977905
B05,20221021,20230422,-70.103,-32.997,3167.0,-9.76,2023,RGI60-17.14088,0.4125577211380005,0.47607845067977905
B06,20221020,20230422,-70.102,-32.997,3182.0,-9.65,2023,RGI60-17.14088,0.4125577211380005,0.47607845067977905
B07,20221020,20230121,-70.101,-32.998,3195.0,-5.36,2023,RGI60-17.14088,0.4125577211380005,0.47607845067977905
B08,20221020,20230121,-70.1,-32.999,3246.0,-5.15,2023,RGI60-17.14088,0.4125577211380005,0.47607845067977905
B09,20221020,20230422,-70.099,-33.001,3277.0,-10.54,2023,RGI60-17.14088,0.4125577211380005,0.47607845067977905
U1,20090327,20090508,-70.341,-34.709,2598.0,-1.0,2009,RGI60-17.01218,1.2634832859039307,0.214375838637352
U2,20090328,20090508,-70.339,-34.706,2646.0,-1.12,2009,RGI60-17.01218,1.2634832859039307,0.214375838637352
U3,20090328,20090508,-70.335,-34.702,2733.0,-1.23,2009,RGI60-17.01218,1.2634832859039307,0.214375838637352
U4,20090328,20090508,-70.33,-34.694,2828.0,-1.25,2009,RGI60-17.01218,1.2634832859039307,0.214375838637352
U2,20090930,20091121,-70.339,-34.706,2646.0,-1.23,2009,RGI60-17.01218,1.2634832859039307,0.214375838637352
U4,20091002,20091121,-70.33,-34.694,2828.0,-0.81,2009,RGI60-17.01218,1.2634832859039307,0.214375838637352
U7,20091003,20091121,-70.331,-34.682,2939.0,-0.33,2009,RGI60-17.01218,1.2634832859039307,0.214375838637352
AB1,20101219,20110128,-70.343,-34.708,2521.0,-2.53,2011,RGI60-17.01218,1.2634832859039307,0.214375838637352
AB2,20101217,20110128,-70.341,-34.706,2623.0,-2.6,2011,RGI60-17.01218,1.2634832859039307,0.214375838637352
AB3,20101217,20110129,-70.337,-34.7,2686.0,-2.27,2011,RGI60-17.01218,1.2634832859039307,0.214375838637352
AB4,20101217,20110129,-70.331,-34.699,2741.0,-2.11,2011,RGI60-17.01218,1.2634832859039307,0.214375838637352
AB5,20101217,20110129,-70.329,-34.693,2781.0,-2.17,2011,RGI60-17.01218,1.2634832859039307,0.214375838637352
AB6,20101210,20110203,-70.337,-34.688,2904.0,-2.66,2011,RGI60-17.01218,1.2634832859039307,0.214375838637352
AB7,20101217,20110203,-70.329,-34.684,2894.0,-2.39,2011,RGI60-17.01218,1.2634832859039307,0.214375838637352
AB1,20110128,20110322,-70.343,-34.708,2521.0,-2.71,2011,RGI60-17.01218,1.2634832859039307,0.214375838637352
AB2,20110128,20110322,-70.341,-34.706,2623.0,-2.26,2011,RGI60-17.01218,1.2634832859039307,0.214375838637352
AB3,20110129,20110322,-70.337,-34.7,2686.0,-2.29,2011,RGI60-17.01218,1.2634832859039307,0.214375838637352
AB4,20110129,20110322,-70.331,-34.699,2741.0,-1.83,2011,RGI60-17.01218,1.2634832859039307,0.214375838637352
AB5,20110129,20110322,-70.329,-34.693,2781.0,-2.14,2011,RGI60-17.01218,1.2634832859039307,0.214375838637352
AB6,20110203,20110324,-70.337,-34.688,2904.0,-1.73,2011,RGI60-17.01218,1.2634832859039307,0.214375838637352
AB7,20110203,20110324,-70.329,-34.684,2894.0,-1.53,2011,RGI60-17.01218,1.2634832859039307,0.214375838637352
ACN1,20101213,20110202,-70.326,-34.665,3317.0,-2.07,2011,RGI60-17.01218,1.2634832859039307,0.214375838637352
ACN2,20101216,20110202,-70.326,-34.658,3393.0,-1.97,2011,RGI60-17.01218,1.2634832859039307,0.214375838637352
ACN3,20101213,20110202,-70.317,-34.654,3446.0,-1.55,2011,RGI60-17.01218,1.2634832859039307,0.214375838637352
ACN4,20101213,20110202,-70.314,-34.649,3530.0,-1.29,2011,RGI60-17.01218,1.2634832859039307,0.214375838637352
ACN5,20101216,20110202,-70.325,-34.644,3583.0,-1.26,2011,RGI60-17.01218,1.2634832859039307,0.214375838637352
ACO1,20101218,20110131,-70.354,-34.689,3515.0,-1.78,2011,RGI60-17.01218,1.2634832859039307,0.214375838637352
ACO2,20101218,20110131,-70.362,-34.689,3657.0,-1.8,2011,RGI60-17.01218,1.2634832859039307,0.214375838637352
ACO3,20101218,20110131,-70.357,-34.686,3614.0,-1.66,2011,RGI60-17.01218,1.2634832859039307,0.214375838637352
ACO4,20101218,20110131,-70.362,-34.684,3701.0,-1.85,2011,RGI60-17.01218,1.2634832859039307,0.214375838637352
ACO5,20110131,20110323,-70.364,-34.678,3764.0,-0.5,2011,RGI60-17.01218,1.2634832859039307,0.214375838637352
ACN1,20110202,20110321,-70.326,-34.665,3317.0,-0.93,2011,RGI60-17.01218,1.2634832859039307,0.214375838637352
ACN2,20110202,20110321,-70.326,-34.658,3393.0,-1.06,2011,RGI60-17.01218,1.2634832859039307,0.214375838637352
ACN3,20110202,20110321,-70.317,-34.654,3446.0,-1.36,2011,RGI60-17.01218,1.2634832859039307,0.214375838637352
ACN4,20110202,20110321,-70.314,-34.649,3530.0,-0.55,2011,RGI60-17.01218,1.2634832859039307,0.214375838637352
ACN5,20110202,20110321,-70.325,-34.644,3583.0,-0.52,2011,RGI60-17.01218,1.2634832859039307,0.214375838637352
ACO1,20110131,20110323,-70.354,-34.689,3515.0,-1.43,2011,RGI60-17.01218,1.2634832859039307,0.214375838637352
ACO2,20110131,20110323,-70.362,-34.689,3657.0,-1.45,2011,RGI60-17.01218,1.2634832859039307,0.214375838637352
ACO3,20110131,20110323,-70.357,-34.686,3614.0,-1.07,2011,RGI60-17.01218,1.2634832859039307,0.214375838637352
ACO4,20110131,20110323,-70.362,-34.684,3701.0,-1.49,2011,RGI60-17.01218,1.2634832859039307,0.214375838637352
ACO5,20110323,20110323,-70.364,-34.678,3764.0,-0.57,2011,RGI60-17.01218,1.2634832859039307,0.214375838637352
B11,20090902,20091007,-72.001,-39.945,1811.0,0.42,2009,RGI60-17.12442,1.6653392314910889,0.3596237897872925
B11,20090724,20090902,-72.001,-39.945,1811.0,1.17,2009,RGI60-17.12442,1.6653392314910889,0.3596237897872925
B10,20090902,20091007,-72.008,-39.949,1881.0,0.33,2009,RGI60-17.12440,0.8541885614395142,0.12113004177808762
B10,20090529,20090724,-72.008,-39.949,1881.0,0.89,2009,RGI60-17.12440,0.8541885614395142,0.12113004177808762
B15,20091007,20091211,-72.009,-39.942,1918.0,0.67,2009,RGI60-17.12440,0.8541885614395142,0.12113004177808762
B17,20090426,20090529,-72.014,-39.936,2032.0,-0.01,2009,RGI60-17.12440,0.8541885614395142,0.12113004177808762
B17,20090529,20090724,-72.014,-39.936,2032.0,1.21,2009,RGI60-17.12440,0.8541885614395142,0.12113004177808762
B17,20090724,20090902,-72.014,-39.936,2032.0,1.54,2009,RGI60-17.12440,0.8541885614395142,0.12113004177808762
B17,20090902,20091007,-72.014,-39.936,2032.0,0.52,2009,RGI60-17.12440,0.8541885614395142,0.12113004177808762
B17,20091007,20091211,-72.014,-39.936,2032.0,1.21,2009,RGI60-17.12440,0.8541885614395142,0.12113004177808762
B10,20090426,20090529,-72.008,-39.949,1881.0,-0.32,2009,RGI60-17.12440,0.8541885614395142,0.12113004177808762
B1,20091007,20091211,-72.027,-39.932,2392.0,0.68,2009,RGI60-17.12440,0.8541885614395142,0.12113004177808762
B1,20090902,20091007,-72.027,-39.932,2392.0,0.17,2009,RGI60-17.12440,0.8541885614395142,0.12113004177808762
B8,20090426,20090529,-72.004,-39.945,1887.0,-0.12,2009,RGI60-17.12442,1.6653392314910889,0.3596237897872925
B8,20090529,20090724,-72.004,-39.945,1887.0,1.19,2009,RGI60-17.12442,1.6653392314910889,0.3596237897872925
B14,20090724,20090902,-72.015,-39.947,1919.0,1.72,2009,RGI60-17.12440,0.8541885614395142,0.12113004177808762
B14,20090902,20091007,-72.015,-39.947,1919.0,0.61,2009,RGI60-17.12440,0.8541885614395142,0.12113004177808762
B14,20091007,20091211,-72.015,-39.947,1919.0,1.78,2009,RGI60-17.12440,0.8541885614395142,0.12113004177808762
B15,20090426,20090529,-72.009,-39.942,1918.0,-0.5,2009,RGI60-17.12440,0.8541885614395142,0.12113004177808762
B18,20090426,20090529,-72.019,-39.943,1982.0,-0.22,2009,RGI60-17.12440,0.8541885614395142,0.12113004177808762
B18,20090724,20090902,-72.019,-39.943,1982.0,1.45,2009,RGI60-17.12440,0.8541885614395142,0.12113004177808762
B18,20090902,20091007,-72.019,-39.943,1982.0,0.42,2009,RGI60-17.12440,0.8541885614395142,0.12113004177808762
B18,20091007,20091211,-72.019,-39.943,1982.0,1.1,2009,RGI60-17.12440,0.8541885614395142,0.12113004177808762
B8,20090724,20090902,-72.004,-39.945,1887.0,0.74,2009,RGI60-17.12442,1.6653392314910889,0.3596237897872925
B8,20090902,20091007,-72.004,-39.945,1887.0,0.28,2009,RGI60-17.12442,1.6653392314910889,0.3596237897872925
B8,20091007,20091211,-72.004,-39.945,1887.0,-0.01,2009,RGI60-17.12442,1.6653392314910889,0.3596237897872925
B9,20090724,20090902,-71.997,-39.946,1687.0,0.63,2009,RGI60-17.12442,1.6653392314910889,0.3596237897872925
B9,20090902,20091007,-71.997,-39.946,1687.0,0.27,2009,RGI60-17.12442,1.6653392314910889,0.3596237897872925
B19,20090426,20090529,-72.03,-39.942,2022.0,-0.16,2009,RGI60-17.12440,0.8541885614395142,0.12113004177808762
B9,20091007,20091211,-71.997,-39.946,1687.0,-0.35,2009,RGI60-17.12442,1.6653392314910889,0.3596237897872925
B19,20090902,20091007,-72.03,-39.942,2022.0,0.59,2009,RGI60-17.12440,0.8541885614395142,0.12113004177808762
B19,20091007,20091211,-72.03,-39.942,2022.0,1.74,2009,RGI60-17.12440,0.8541885614395142,0.12113004177808762
B2,20090902,20091007,-72.028,-39.931,2392.0,0.12,2009,RGI60-17.12442,1.6653392314910889,0.3596237897872925
B2,20091007,20091211,-72.028,-39.931,2392.0,1.03,2009,RGI60-17.12442,1.6653392314910889,0.3596237897872925
B15,20090724,20090902,-72.009,-39.942,1918.0,1.44,2009,RGI60-17.12440,0.8541885614395142,0.12113004177808762
B13,20091007,20091211,-72.019,-39.951,1917.0,1.02,2009,RGI60-17.12440,0.8541885614395142,0.12113004177808762
B13,20090902,20091007,-72.019,-39.951,1917.0,0.63,2009,RGI60-17.12440,0.8541885614395142,0.12113004177808762
B13,20090724,20090902,-72.019,-39.951,1917.0,1.42,2009,RGI60-17.12440,0.8541885614395142,0.12113004177808762
B12,20091007,20091211,-72.011,-39.952,1817.0,-0.09,2009,RGI60-17.12440,0.8541885614395142,0.12113004177808762
B15,20090902,20091007,-72.009,-39.942,1918.0,0.49,2009,RGI60-17.12440,0.8541885614395142,0.12113004177808762
B12,20090902,20091007,-72.011,-39.952,1817.0,0.14,2009,RGI60-17.12440,0.8541885614395142,0.12113004177808762
B12,20090724,20090902,-72.011,-39.952,1817.0,0.25,2009,RGI60-17.12440,0.8541885614395142,0.12113004177808762
B12,20090529,20090724,-72.011,-39.952,1817.0,0.34,2009,RGI60-17.12440,0.8541885614395142,0.12113004177808762
B11,20091007,20091211,-72.001,-39.945,1811.0,0.45,2009,RGI60-17.12442,1.6653392314910889,0.3596237897872925
B14,20101104,20101206,-72.015,-39.947,1919.0,-0.07,2010,RGI60-17.12440,0.8541885614395142,0.12113004177808762
B11,20100211,20100311,-72.001,-39.945,1811.0,-1.67,2010,RGI60-17.12442,1.6653392314910889,0.3596237897872925
B11,20100107,20100211,-72.001,-39.945,1811.0,1.16,2010,RGI60-17.12442,1.6653392314910889,0.3596237897872925
B11,20091211,20100107,-72.001,-39.945,1811.0,-0.94,2010,RGI60-17.12442,1.6653392314910889,0.3596237897872925
B10,20101206,20101222,-72.008,-39.949,1881.0,0.14,2010,RGI60-17.12440,0.8541885614395142,0.12113004177808762
B10,20101104,20101206,-72.008,-39.949,1881.0,-0.41,2010,RGI60-17.12440,0.8541885614395142,0.12113004177808762
B10,20101008,20101104,-72.008,-39.949,1881.0,-0.02,2010,RGI60-17.12440,0.8541885614395142,0.12113004177808762
B10,20100902,20101008,-72.008,-39.949,1881.0,0.05,2010,RGI60-17.12440,0.8541885614395142,0.12113004177808762
B10,20100509,20100528,-72.008,-39.949,1881.0,0.17,2010,RGI60-17.12440,0.8541885614395142,0.12113004177808762
B10,20100311,20100407,-72.008,-39.949,1881.0,-1.1,2010,RGI60-17.12440,0.8541885614395142,0.12113004177808762
B10,20100211,20100311,-72.008,-39.949,1881.0,-1.12,2010,RGI60-17.12440,0.8541885614395142,0.12113004177808762
B10,20100107,20100211,-72.008,-39.949,1881.0,-1.0,2010,RGI60-17.12440,0.8541885614395142,0.12113004177808762
B10,20091211,20100107,-72.008,-39.949,1881.0,-0.7,2010,RGI60-17.12440,0.8541885614395142,0.12113004177808762
B1,20101206,20101222,-72.027,-39.932,2392.0,0.03,2010,RGI60-17.12440,0.8541885614395142,0.12113004177808762
B1,20101104,20101206,-72.027,-39.932,2392.0,0.02,2010,RGI60-17.12440,0.8541885614395142,0.12113004177808762
B1,20101008,20101104,-72.027,-39.932,2392.0,0.04,2010,RGI60-17.12440,0.8541885614395142,0.12113004177808762
B1,20100902,20101008,-72.027,-39.932,2392.0,0.21,2010,RGI60-17.12440,0.8541885614395142,0.12113004177808762
B1,20100715,20100902,-72.027,-39.932,2392.0,0.29,2010,RGI60-17.12440,0.8541885614395142,0.12113004177808762
B1,20100509,20100528,-72.027,-39.932,2392.0,0.2,2010,RGI60-17.12440,0.8541885614395142,0.12113004177808762
B1,20100311,20100407,-72.027,-39.932,2392.0,-0.02,2010,RGI60-17.12440,0.8541885614395142,0.12113004177808762
B1,20100211,20100311,-72.027,-39.932,2392.0,-0.07,2010,RGI60-17.12440,0.8541885614395142,0.12113004177808762
B1,20100107,20100211,-72.027,-39.932,2392.0,-0.65,2010,RGI60-17.12440,0.8541885614395142,0.12113004177808762
B12,20091211,20100107,-72.011,-39.952,1817.0,-0.82,2010,RGI60-17.12440,0.8541885614395142,0.12113004177808762
B11,20101206,20101222,-72.001,-39.945,1811.0,0.09,2010,RGI60-17.12442,1.6653392314910889,0.3596237897872925
B11,20101104,20101206,-72.001,-39.945,1811.0,-0.68,2010,RGI60-17.12442,1.6653392314910889,0.3596237897872925
B12,20100107,20100211,-72.011,-39.952,1817.0,1.99,2010,RGI60-17.12440,0.8541885614395142,0.12113004177808762
B9,20101206,20101222,-71.997,-39.946,1687.0,-0.11,2010,RGI60-17.12442,1.6653392314910889,0.3596237897872925
B9,20101104,20101206,-71.997,-39.946,1687.0,-0.65,2010,RGI60-17.12442,1.6653392314910889,0.3596237897872925
B9,20101008,20101104,-71.997,-39.946,1687.0,-0.13,2010,RGI60-17.12442,1.6653392314910889,0.3596237897872925
B9,20100902,20101008,-71.997,-39.946,1687.0,-0.09,2010,RGI60-17.12442,1.6653392314910889,0.3596237897872925
B9,20100509,20100528,-71.997,-39.946,1687.0,0.05,2010,RGI60-17.12442,1.6653392314910889,0.3596237897872925
B9,20100407,20100509,-71.997,-39.946,1687.0,-0.42,2010,RGI60-17.12442,1.6653392314910889,0.3596237897872925
B9,20100311,20100407,-71.997,-39.946,1687.0,-1.37,2010,RGI60-17.12442,1.6653392314910889,0.3596237897872925
B9,20100211,20100311,-71.997,-39.946,1687.0,-2.04,2010,RGI60-17.12442,1.6653392314910889,0.3596237897872925
B9,20100107,20100211,-71.997,-39.946,1687.0,-2.05,2010,RGI60-17.12442,1.6653392314910889,0.3596237897872925
B9,20091211,20100107,-71.997,-39.946,1687.0,-1.06,2010,RGI60-17.12442,1.6653392314910889,0.3596237897872925
B8,20101104,20101206,-72.004,-39.945,1887.0,-0.47,2010,RGI60-17.12442,1.6653392314910889,0.3596237897872925
B8,20101008,20101104,-72.004,-39.945,1887.0,0.09,2010,RGI60-17.12442,1.6653392314910889,0.3596237897872925
B8,20100902,20101008,-72.004,-39.945,1887.0,-0.06,2010,RGI60-17.12442,1.6653392314910889,0.3596237897872925
B8,20100715,20100902,-72.004,-39.945,1887.0,0.87,2010,RGI60-17.12442,1.6653392314910889,0.3596237897872925
B8,20100509,20100528,-72.004,-39.945,1887.0,0.11,2010,RGI60-17.12442,1.6653392314910889,0.3596237897872925
B8,20100407,20100509,-72.004,-39.945,1887.0,-0.07,2010,RGI60-17.12442,1.6653392314910889,0.3596237897872925
B8,20100311,20100407,-72.004,-39.945,1887.0,-1.1,2010,RGI60-17.12442,1.6653392314910889,0.3596237897872925
B8,20100211,20100311,-72.004,-39.945,1887.0,-1.45,2010,RGI60-17.12442,1.6653392314910889,0.3596237897872925
B8,20100107,20100211,-72.004,-39.945,1887.0,-1.76,2010,RGI60-17.12442,1.6653392314910889,0.3596237897872925
B8,20091211,20100107,-72.004,-39.945,1887.0,-1.01,2010,RGI60-17.12442,1.6653392314910889,0.3596237897872925
B2,20101206,20101222,-72.028,-39.931,2392.0,0.05,2010,RGI60-17.12442,1.6653392314910889,0.3596237897872925
B2,20101104,20101206,-72.028,-39.931,2392.0,0.08,2010,RGI60-17.12442,1.6653392314910889,0.3596237897872925
B2,20101008,20101104,-72.028,-39.931,2392.0,0.16,2010,RGI60-17.12442,1.6653392314910889,0.3596237897872925
B2,20100902,20101008,-72.028,-39.931,2392.0,0.2,2010,RGI60-17.12442,1.6653392314910889,0.3596237897872925
B2,20100715,20100902,-72.028,-39.931,2392.0,0.52,2010,RGI60-17.12442,1.6653392314910889,0.3596237897872925
B2,20100509,20100528,-72.028,-39.931,2392.0,0.3,2010,RGI60-17.12442,1.6653392314910889,0.3596237897872925
B2,20100407,20100509,-72.028,-39.931,2392.0,0.52,2010,RGI60-17.12442,1.6653392314910889,0.3596237897872925
B2,20100311,20100407,-72.028,-39.931,2392.0,-0.2,2010,RGI60-17.12442,1.6653392314910889,0.3596237897872925
B2,20100211,20100311,-72.028,-39.931,2392.0,-0.1,2010,RGI60-17.12442,1.6653392314910889,0.3596237897872925
B2,20100107,20100211,-72.028,-39.931,2392.0,-0.12,2010,RGI60-17.12442,1.6653392314910889,0.3596237897872925
B2,20091211,20100107,-72.028,-39.931,2392.0,-0.1,2010,RGI60-17.12442,1.6653392314910889,0.3596237897872925
B19,20101206,20101222,-72.03,-39.942,2022.0,0.27,2010,RGI60-17.12440,0.8541885614395142,0.12113004177808762
B19,20101104,20101206,-72.03,-39.942,2022.0,-0.02,2010,RGI60-17.12440,0.8541885614395142,0.12113004177808762
B19,20101008,20101104,-72.03,-39.942,2022.0,0.29,2010,RGI60-17.12440,0.8541885614395142,0.12113004177808762
B19,20100902,20101008,-72.03,-39.942,2022.0,0.14,2010,RGI60-17.12440,0.8541885614395142,0.12113004177808762
B19,20100509,20100528,-72.03,-39.942,2022.0,0.25,2010,RGI60-17.12440,0.8541885614395142,0.12113004177808762
B19,20100407,20100509,-72.03,-39.942,2022.0,0.67,2010,RGI60-17.12440,0.8541885614395142,0.12113004177808762
B19,20100311,20100407,-72.03,-39.942,2022.0,-0.3,2010,RGI60-17.12440,0.8541885614395142,0.12113004177808762
B19,20100211,20100311,-72.03,-39.942,2022.0,-0.61,2010,RGI60-17.12440,0.8541885614395142,0.12113004177808762
B19,20100107,20100211,-72.03,-39.942,2022.0,-0.69,2010,RGI60-17.12440,0.8541885614395142,0.12113004177808762
B19,20091211,20100107,-72.03,-39.942,2022.0,-0.37,2010,RGI60-17.12440,0.8541885614395142,0.12113004177808762
B18,20101104,20101206,-72.019,-39.943,1982.0,-0.13,2010,RGI60-17.12440,0.8541885614395142,0.12113004177808762
B18,20101008,20101104,-72.019,-39.943,1982.0,0.16,2010,RGI60-17.12440,0.8541885614395142,0.12113004177808762
B18,20100902,20101008,-72.019,-39.943,1982.0,0.2,2010,RGI60-17.12440,0.8541885614395142,0.12113004177808762
B18,20100509,20100528,-72.019,-39.943,1982.0,0.19,2010,RGI60-17.12440,0.8541885614395142,0.12113004177808762
B18,20100407,20100509,-72.019,-39.943,1982.0,0.31,2010,RGI60-17.12440,0.8541885614395142,0.12113004177808762
B18,20100311,20100407,-72.019,-39.943,1982.0,-0.56,2010,RGI60-17.12440,0.8541885614395142,0.12113004177808762
B18,20100211,20100311,-72.019,-39.943,1982.0,-0.58,2010,RGI60-17.12440,0.8541885614395142,0.12113004177808762
B18,20100107,20100211,-72.019,-39.943,1982.0,-0.89,2010,RGI60-17.12440,0.8541885614395142,0.12113004177808762
B18,20091211,20100107,-72.019,-39.943,1982.0,-0.48,2010,RGI60-17.12440,0.8541885614395142,0.12113004177808762
B17,20101206,20101222,-72.014,-39.936,2032.0,-0.05,2010,RGI60-17.12440,0.8541885614395142,0.12113004177808762
B17,20101008,20101104,-72.014,-39.936,2032.0,0.25,2010,RGI60-17.12440,0.8541885614395142,0.12113004177808762
B17,20100902,20101008,-72.014,-39.936,2032.0,-0.03,2010,RGI60-17.12440,0.8541885614395142,0.12113004177808762
B17,20100509,20100528,-72.014,-39.936,2032.0,0.34,2010,RGI60-17.12440,0.8541885614395142,0.12113004177808762
B17,20100407,20100509,-72.014,-39.936,2032.0,0.45,2010,RGI60-17.12440,0.8541885614395142,0.12113004177808762
B17,20100311,20100407,-72.014,-39.936,2032.0,-0.06,2010,RGI60-17.12440,0.8541885614395142,0.12113004177808762
B17,20100211,20100311,-72.014,-39.936,2032.0,-0.13,2010,RGI60-17.12440,0.8541885614395142,0.12113004177808762
B17,20100107,20100211,-72.014,-39.936,2032.0,-0.54,2010,RGI60-17.12440,0.8541885614395142,0.12113004177808762
B17,20091211,20100107,-72.014,-39.936,2032.0,-0.5,2010,RGI60-17.12440,0.8541885614395142,0.12113004177808762
B15,20101206,20101222,-72.009,-39.942,1918.0,0.27,2010,RGI60-17.12440,0.8541885614395142,0.12113004177808762
B15,20101104,20101206,-72.009,-39.942,1918.0,-0.46,2010,RGI60-17.12440,0.8541885614395142,0.12113004177808762
B15,20101008,20101104,-72.009,-39.942,1918.0,0.12,2010,RGI60-17.12440,0.8541885614395142,0.12113004177808762
B15,20100902,20101008,-72.009,-39.942,1918.0,0.1,2010,RGI60-17.12440,0.8541885614395142,0.12113004177808762
B15,20100509,20100528,-72.009,-39.942,1918.0,0.17,2010,RGI60-17.12440,0.8541885614395142,0.12113004177808762
B15,20100407,20100509,-72.009,-39.942,1918.0,0.16,2010,RGI60-17.12440,0.8541885614395142,0.12113004177808762
B15,20100311,20100407,-72.009,-39.942,1918.0,-0.6,2010,RGI60-17.12440,0.8541885614395142,0.12113004177808762
B15,20100211,20100311,-72.009,-39.942,1918.0,-0.75,2010,RGI60-17.12440,0.8541885614395142,0.12113004177808762
B15,20100107,20100211,-72.009,-39.942,1918.0,-0.92,2010,RGI60-17.12440,0.8541885614395142,0.12113004177808762
B15,20091211,20100107,-72.009,-39.942,1918.0,-0.67,2010,RGI60-17.12440,0.8541885614395142,0.12113004177808762
B14,20101206,20101222,-72.015,-39.947,1919.0,0.32,2010,RGI60-17.12440,0.8541885614395142,0.12113004177808762
B14,20101008,20101104,-72.015,-39.947,1919.0,0.28,2010,RGI60-17.12440,0.8541885614395142,0.12113004177808762
B14,20100902,20101008,-72.015,-39.947,1919.0,0.08,2010,RGI60-17.12440,0.8541885614395142,0.12113004177808762
B14,20100509,20100528,-72.015,-39.947,1919.0,0.18,2010,RGI60-17.12440,0.8541885614395142,0.12113004177808762
B14,20100407,20100509,-72.015,-39.947,1919.0,0.3,2010,RGI60-17.12440,0.8541885614395142,0.12113004177808762
B14,20100311,20100407,-72.015,-39.947,1919.0,-0.54,2010,RGI60-17.12440,0.8541885614395142,0.12113004177808762
B14,20100211,20100311,-72.015,-39.947,1919.0,-0.78,2010,RGI60-17.12440,0.8541885614395142,0.12113004177808762
B14,20100107,20100211,-72.015,-39.947,1919.0,-0.66,2010,RGI60-17.12440,0.8541885614395142,0.12113004177808762
B14,20091211,20100107,-72.015,-39.947,1919.0,-0.41,2010,RGI60-17.12440,0.8541885614395142,0.12113004177808762
B13,20101206,20101222,-72.019,-39.951,1917.0,0.05,2010,RGI60-17.12440,0.8541885614395142,0.12113004177808762
B13,20101104,20101206,-72.019,-39.951,1917.0,-0.2,2010,RGI60-17.12440,0.8541885614395142,0.12113004177808762
B13,20101008,20101104,-72.019,-39.951,1917.0,-0.04,2010,RGI60-17.12440,0.8541885614395142,0.12113004177808762
B13,20100902,20101008,-72.019,-39.951,1917.0,0.03,2010,RGI60-17.12440,0.8541885614395142,0.12113004177808762
B13,20100528,20100715,-72.019,-39.951,1917.0,0.58,2010,RGI60-17.12440,0.8541885614395142,0.12113004177808762
B13,20100509,20100528,-72.019,-39.951,1917.0,0.09,2010,RGI60-17.12440,0.8541885614395142,0.12113004177808762
B13,20100407,20100509,-72.019,-39.951,1917.0,0.2,2010,RGI60-17.12440,0.8541885614395142,0.12113004177808762
B13,20100311,20100407,-72.019,-39.951,1917.0,-0.62,2010,RGI60-17.12440,0.8541885614395142,0.12113004177808762
B13,20100211,20100311,-72.019,-39.951,1917.0,-0.88,2010,RGI60-17.12440,0.8541885614395142,0.12113004177808762
B13,20100107,20100211,-72.019,-39.951,1917.0,-0.98,2010,RGI60-17.12440,0.8541885614395142,0.12113004177808762
B13,20091211,20100107,-72.019,-39.951,1917.0,-0.78,2010,RGI60-17.12440,0.8541885614395142,0.12113004177808762
B12,20101206,20101222,-72.011,-39.952,1817.0,-0.13,2010,RGI60-17.12440,0.8541885614395142,0.12113004177808762
B12,20101104,20101206,-72.011,-39.952,1817.0,-0.63,2010,RGI60-17.12440,0.8541885614395142,0.12113004177808762
B12,20101008,20101104,-72.011,-39.952,1817.0,-0.19,2010,RGI60-17.12440,0.8541885614395142,0.12113004177808762
B12,20100902,20101008,-72.011,-39.952,1817.0,0.05,2010,RGI60-17.12440,0.8541885614395142,0.12113004177808762
B12,20100715,20100902,-72.011,-39.952,1817.0,0.43,2010,RGI60-17.12440,0.8541885614395142,0.12113004177808762
B12,20100509,20100528,-72.011,-39.952,1817.0,0.1,2010,RGI60-17.12440,0.8541885614395142,0.12113004177808762
B12,20100407,20100509,-72.011,-39.952,1817.0,-0.26,2010,RGI60-17.12440,0.8541885614395142,0.12113004177808762
B12,20100311,20100407,-72.011,-39.952,1817.0,-1.51,2010,RGI60-17.12440,0.8541885614395142,0.12113004177808762
B12,20100211,20100311,-72.011,-39.952,1817.0,-1.52,2010,RGI60-17.12440,0.8541885614395142,0.12113004177808762
B11,20101008,20101104,-72.001,-39.945,1811.0,0.05,2010,RGI60-17.12442,1.6653392314910889,0.3596237897872925
B11,20100902,20101008,-72.001,-39.945,1811.0,-0.04,2010,RGI60-17.12442,1.6653392314910889,0.3596237897872925
B11,20100509,20100528,-72.001,-39.945,1811.0,0.11,2010,RGI60-17.12442,1.6653392314910889,0.3596237897872925
B11,20100407,20100509,-72.001,-39.945,1811.0,-0.01,2010,RGI60-17.12442,1.6653392314910889,0.3596237897872925
B11,20100311,20100407,-72.001,-39.945,1811.0,-0.99,2010,RGI60-17.12442,1.6653392314910889,0.3596237897872925
B2,20101222,20110123,-72.028,-39.931,2392.0,-0.59,2011,RGI60-17.12442,1.6653392314910889,0.3596237897872925
B19,20111219,20111226,-72.03,-39.942,2022.0,-0.92,2011,RGI60-17.12440,0.8541885614395142,0.12113004177808762
B19,20111013,20111111,-72.03,-39.942,2022.0,0.64,2011,RGI60-17.12440,0.8541885614395142,0.12113004177808762
B19,20110907,20111013,-72.03,-39.942,2022.0,0.6,2011,RGI60-17.12440,0.8541885614395142,0.12113004177808762
B19,20110622,20110719,-72.03,-39.942,2022.0,0.87,2011,RGI60-17.12440,0.8541885614395142,0.12113004177808762
B19,20110522,20110622,-72.03,-39.942,2022.0,0.74,2011,RGI60-17.12440,0.8541885614395142,0.12113004177808762
B19,20110501,20110522,-72.03,-39.942,2022.0,0.39,2011,RGI60-17.12440,0.8541885614395142,0.12113004177808762
B19,20110324,20110501,-72.03,-39.942,2022.0,0.45,2011,RGI60-17.12440,0.8541885614395142,0.12113004177808762
B19,20110223,20110324,-72.03,-39.942,2022.0,-0.23,2011,RGI60-17.12440,0.8541885614395142,0.12113004177808762
B19,20110123,20110223,-72.03,-39.942,2022.0,-0.44,2011,RGI60-17.12440,0.8541885614395142,0.12113004177808762
B19,20101222,20110123,-72.03,-39.942,2022.0,-0.21,2011,RGI60-17.12440,0.8541885614395142,0.12113004177808762
B18,20111219,20111226,-72.019,-39.943,1982.0,-0.58,2011,RGI60-17.12440,0.8541885614395142,0.12113004177808762
B18,20111013,20111111,-72.019,-39.943,1982.0,0.73,2011,RGI60-17.12440,0.8541885614395142,0.12113004177808762
B18,20110907,20111013,-72.019,-39.943,1982.0,0.53,2011,RGI60-17.12440,0.8541885614395142,0.12113004177808762
B18,20110820,20110907,-72.019,-39.943,1982.0,0.59,2011,RGI60-17.12440,0.8541885614395142,0.12113004177808762
B18,20110622,20110719,-72.019,-39.943,1982.0,0.72,2011,RGI60-17.12440,0.8541885614395142,0.12113004177808762
B18,20110522,20110622,-72.019,-39.943,1982.0,0.67,2011,RGI60-17.12440,0.8541885614395142,0.12113004177808762
B18,20110501,20110522,-72.019,-39.943,1982.0,0.35,2011,RGI60-17.12440,0.8541885614395142,0.12113004177808762
B18,20110324,20110501,-72.019,-39.943,1982.0,0.23,2011,RGI60-17.12440,0.8541885614395142,0.12113004177808762
B18,20110223,20110324,-72.019,-39.943,1982.0,-1.07,2011,RGI60-17.12440,0.8541885614395142,0.12113004177808762
B18,20110123,20110223,-72.019,-39.943,1982.0,-0.65,2011,RGI60-17.12440,0.8541885614395142,0.12113004177808762
B18,20101222,20110123,-72.019,-39.943,1982.0,-0.35,2011,RGI60-17.12440,0.8541885614395142,0.12113004177808762
B17,20111219,20111226,-72.014,-39.936,2032.0,-0.7,2011,RGI60-17.12440,0.8541885614395142,0.12113004177808762
B17,20111013,20111111,-72.014,-39.936,2032.0,0.54,2011,RGI60-17.12440,0.8541885614395142,0.12113004177808762
B17,20110907,20111013,-72.014,-39.936,2032.0,0.42,2011,RGI60-17.12440,0.8541885614395142,0.12113004177808762
B17,20110622,20110719,-72.014,-39.936,2032.0,0.57,2011,RGI60-17.12440,0.8541885614395142,0.12113004177808762
B17,20110522,20110622,-72.014,-39.936,2032.0,0.73,2011,RGI60-17.12440,0.8541885614395142,0.12113004177808762
B17,20110501,20110522,-72.014,-39.936,2032.0,0.14,2011,RGI60-17.12440,0.8541885614395142,0.12113004177808762
B17,20110324,20110501,-72.014,-39.936,2032.0,0.25,2011,RGI60-17.12440,0.8541885614395142,0.12113004177808762
B17,20110223,20110324,-72.014,-39.936,2032.0,-0.1,2011,RGI60-17.12440,0.8541885614395142,0.12113004177808762
B17,20110123,20110223,-72.014,-39.936,2032.0,-0.81,2011,RGI60-17.12440,0.8541885614395142,0.12113004177808762
B15,20111219,20111226,-72.009,-39.942,1918.0,-1.04,2011,RGI60-17.12440,0.8541885614395142,0.12113004177808762
B15,20111013,20111111,-72.009,-39.942,1918.0,-0.31,2011,RGI60-17.12440,0.8541885614395142,0.12113004177808762
B15,20110907,20111013,-72.009,-39.942,1918.0,0.25,2011,RGI60-17.12440,0.8541885614395142,0.12113004177808762
B15,20110820,20110907,-72.009,-39.942,1918.0,0.47,2011,RGI60-17.12440,0.8541885614395142,0.12113004177808762
B15,20110719,20110820,-72.009,-39.942,1918.0,0.77,2011,RGI60-17.12440,0.8541885614395142,0.12113004177808762
B15,20110622,20110719,-72.009,-39.942,1918.0,0.88,2011,RGI60-17.12440,0.8541885614395142,0.12113004177808762
B15,20110522,20110622,-72.009,-39.942,1918.0,0.51,2011,RGI60-17.12440,0.8541885614395142,0.12113004177808762
B15,20110501,20110522,-72.009,-39.942,1918.0,0.15,2011,RGI60-17.12440,0.8541885614395142,0.12113004177808762
B15,20110324,20110501,-72.009,-39.942,1918.0,0.26,2011,RGI60-17.12440,0.8541885614395142,0.12113004177808762
B15,20110223,20110324,-72.009,-39.942,1918.0,-1.14,2011,RGI60-17.12440,0.8541885614395142,0.12113004177808762
B15,20110123,20110223,-72.009,-39.942,1918.0,-0.82,2011,RGI60-17.12440,0.8541885614395142,0.12113004177808762
B14,20111219,20111226,-72.015,-39.947,1919.0,-0.75,2011,RGI60-17.12440,0.8541885614395142,0.12113004177808762
B14,20111013,20111111,-72.015,-39.947,1919.0,-0.19,2011,RGI60-17.12440,0.8541885614395142,0.12113004177808762
B14,20110820,20110907,-72.015,-39.947,1919.0,0.83,2011,RGI60-17.12440,0.8541885614395142,0.12113004177808762
B14,20110622,20110719,-72.015,-39.947,1919.0,0.77,2011,RGI60-17.12440,0.8541885614395142,0.12113004177808762
B14,20110522,20110622,-72.015,-39.947,1919.0,0.76,2011,RGI60-17.12440,0.8541885614395142,0.12113004177808762
B14,20110501,20110522,-72.015,-39.947,1919.0,0.28,2011,RGI60-17.12440,0.8541885614395142,0.12113004177808762
B14,20110324,20110501,-72.015,-39.947,1919.0,0.3,2011,RGI60-17.12440,0.8541885614395142,0.12113004177808762
B14,20110223,20110324,-72.015,-39.947,1919.0,-0.55,2011,RGI60-17.12440,0.8541885614395142,0.12113004177808762
B10,20111013,20111111,-72.008,-39.949,1881.0,-0.21,2011,RGI60-17.12440,0.8541885614395142,0.12113004177808762
B14,20110123,20110223,-72.015,-39.947,1919.0,-1.0,2011,RGI60-17.12440,0.8541885614395142,0.12113004177808762
B10,20111219,20111226,-72.008,-39.949,1881.0,-1.39,2011,RGI60-17.12440,0.8541885614395142,0.12113004177808762
B14,20101222,20110123,-72.015,-39.947,1919.0,-0.11,2011,RGI60-17.12440,0.8541885614395142,0.12113004177808762
B11,20101222,20110123,-72.001,-39.945,1811.0,-0.86,2011,RGI60-17.12442,1.6653392314910889,0.3596237897872925
B11,20110123,20110223,-72.001,-39.945,1811.0,-1.41,2011,RGI60-17.12442,1.6653392314910889,0.3596237897872925
B11,20110324,20110501,-72.001,-39.945,1811.0,0.2,2011,RGI60-17.12442,1.6653392314910889,0.3596237897872925
B11,20110501,20110522,-72.001,-39.945,1811.0,0.05,2011,RGI60-17.12442,1.6653392314910889,0.3596237897872925
B11,20110522,20110622,-72.001,-39.945,1811.0,0.51,2011,RGI60-17.12442,1.6653392314910889,0.3596237897872925
B11,20110622,20110719,-72.001,-39.945,1811.0,0.55,2011,RGI60-17.12442,1.6653392314910889,0.3596237897872925
B11,20110820,20110907,-72.001,-39.945,1811.0,0.65,2011,RGI60-17.12442,1.6653392314910889,0.3596237897872925
B11,20110907,20111013,-72.001,-39.945,1811.0,0.61,2011,RGI60-17.12442,1.6653392314910889,0.3596237897872925
B11,20111013,20111111,-72.001,-39.945,1811.0,-0.75,2011,RGI60-17.12442,1.6653392314910889,0.3596237897872925
B11,20111219,20111226,-72.001,-39.945,1811.0,-2.44,2011,RGI60-17.12442,1.6653392314910889,0.3596237897872925
B12,20110123,20110223,-72.011,-39.952,1817.0,-2.01,2011,RGI60-17.12440,0.8541885614395142,0.12113004177808762
B12,20110324,20110501,-72.011,-39.952,1817.0,-0.08,2011,RGI60-17.12440,0.8541885614395142,0.12113004177808762
B12,20110501,20110522,-72.011,-39.952,1817.0,-0.01,2011,RGI60-17.12440,0.8541885614395142,0.12113004177808762
B12,20110522,20110622,-72.011,-39.952,1817.0,0.36,2011,RGI60-17.12440,0.8541885614395142,0.12113004177808762
B12,20110622,20110719,-72.011,-39.952,1817.0,0.59,2011,RGI60-17.12440,0.8541885614395142,0.12113004177808762
B12,20110820,20110907,-72.011,-39.952,1817.0,0.22,2011,RGI60-17.12440,0.8541885614395142,0.12113004177808762
B13,20111219,20111226,-72.019,-39.951,1917.0,-1.32,2011,RGI60-17.12440,0.8541885614395142,0.12113004177808762
B13,20111013,20111111,-72.019,-39.951,1917.0,-0.26,2011,RGI60-17.12440,0.8541885614395142,0.12113004177808762
B12,20110907,20111013,-72.011,-39.952,1817.0,0.4,2011,RGI60-17.12440,0.8541885614395142,0.12113004177808762
B12,20111013,20111111,-72.011,-39.952,1817.0,-0.04,2011,RGI60-17.12440,0.8541885614395142,0.12113004177808762
B12,20111219,20111226,-72.011,-39.952,1817.0,-1.73,2011,RGI60-17.12440,0.8541885614395142,0.12113004177808762
B13,20101222,20110123,-72.019,-39.951,1917.0,-0.15,2011,RGI60-17.12440,0.8541885614395142,0.12113004177808762
B13,20110123,20110223,-72.019,-39.951,1917.0,-1.0,2011,RGI60-17.12440,0.8541885614395142,0.12113004177808762
B13,20110223,20110324,-72.019,-39.951,1917.0,-0.76,2011,RGI60-17.12440,0.8541885614395142,0.12113004177808762
B13,20110324,20110501,-72.019,-39.951,1917.0,0.12,2011,RGI60-17.12440,0.8541885614395142,0.12113004177808762
B13,20110501,20110522,-72.019,-39.951,1917.0,0.28,2011,RGI60-17.12440,0.8541885614395142,0.12113004177808762
B13,20110522,20110622,-72.019,-39.951,1917.0,0.53,2011,RGI60-17.12440,0.8541885614395142,0.12113004177808762
B13,20110622,20110719,-72.019,-39.951,1917.0,0.51,2011,RGI60-17.12440,0.8541885614395142,0.12113004177808762
B13,20110719,20110820,-72.019,-39.951,1917.0,0.71,2011,RGI60-17.12440,0.8541885614395142,0.12113004177808762
B13,20110820,20110907,-72.019,-39.951,1917.0,0.64,2011,RGI60-17.12440,0.8541885614395142,0.12113004177808762
B13,20110907,20111013,-72.019,-39.951,1917.0,0.33,2011,RGI60-17.12440,0.8541885614395142,0.12113004177808762
B1,20101222,20110123,-72.027,-39.932,2392.0,-0.54,2011,RGI60-17.12440,0.8541885614395142,0.12113004177808762
B1,20110223,20110324,-72.027,-39.932,2392.0,-0.24,2011,RGI60-17.12440,0.8541885614395142,0.12113004177808762
B1,20110324,20110501,-72.027,-39.932,2392.0,0.82,2011,RGI60-17.12440,0.8541885614395142,0.12113004177808762
B1,20111013,20111111,-72.027,-39.932,2392.0,0.27,2011,RGI60-17.12440,0.8541885614395142,0.12113004177808762
B10,20101222,20110123,-72.008,-39.949,1881.0,-1.03,2011,RGI60-17.12440,0.8541885614395142,0.12113004177808762
B10,20110123,20110223,-72.008,-39.949,1881.0,-1.02,2011,RGI60-17.12440,0.8541885614395142,0.12113004177808762
B10,20110223,20110324,-72.008,-39.949,1881.0,-1.72,2011,RGI60-17.12440,0.8541885614395142,0.12113004177808762
B10,20110324,20110501,-72.008,-39.949,1881.0,-0.04,2011,RGI60-17.12440,0.8541885614395142,0.12113004177808762
B10,20110501,20110522,-72.008,-39.949,1881.0,0.03,2011,RGI60-17.12440,0.8541885614395142,0.12113004177808762
B10,20110522,20110622,-72.008,-39.949,1881.0,0.5,2011,RGI60-17.12440,0.8541885614395142,0.12113004177808762
B10,20110622,20110719,-72.008,-39.949,1881.0,0.44,2011,RGI60-17.12440,0.8541885614395142,0.12113004177808762
B10,20110719,20110820,-72.008,-39.949,1881.0,0.56,2011,RGI60-17.12440,0.8541885614395142,0.12113004177808762
B9,20111013,20111111,-71.997,-39.946,1687.0,-0.58,2011,RGI60-17.12442,1.6653392314910889,0.3596237897872925
B9,20110907,20111013,-71.997,-39.946,1687.0,-0.06,2011,RGI60-17.12442,1.6653392314910889,0.3596237897872925
B9,20110820,20110907,-71.997,-39.946,1687.0,0.36,2011,RGI60-17.12442,1.6653392314910889,0.3596237897872925
B9,20110719,20110820,-71.997,-39.946,1687.0,0.6,2011,RGI60-17.12442,1.6653392314910889,0.3596237897872925
B9,20110622,20110719,-71.997,-39.946,1687.0,0.44,2011,RGI60-17.12442,1.6653392314910889,0.3596237897872925
B9,20110522,20110622,-71.997,-39.946,1687.0,0.42,2011,RGI60-17.12442,1.6653392314910889,0.3596237897872925
B9,20110501,20110522,-71.997,-39.946,1687.0,-0.16,2011,RGI60-17.12442,1.6653392314910889,0.3596237897872925
B9,20110223,20110324,-71.997,-39.946,1687.0,-0.59,2011,RGI60-17.12442,1.6653392314910889,0.3596237897872925
B8,20111219,20111226,-72.004,-39.945,1887.0,-1.77,2011,RGI60-17.12442,1.6653392314910889,0.3596237897872925
B8,20111013,20111111,-72.004,-39.945,1887.0,-0.24,2011,RGI60-17.12442,1.6653392314910889,0.3596237897872925
B8,20110907,20111013,-72.004,-39.945,1887.0,0.2,2011,RGI60-17.12442,1.6653392314910889,0.3596237897872925
B8,20110820,20110907,-72.004,-39.945,1887.0,0.46,2011,RGI60-17.12442,1.6653392314910889,0.3596237897872925
B8,20110223,20110324,-72.004,-39.945,1887.0,-1.86,2011,RGI60-17.12442,1.6653392314910889,0.3596237897872925
B8,20110123,20110223,-72.004,-39.945,1887.0,-1.35,2011,RGI60-17.12442,1.6653392314910889,0.3596237897872925
B8,20101222,20110123,-72.004,-39.945,1887.0,-0.61,2011,RGI60-17.12442,1.6653392314910889,0.3596237897872925
B2,20111013,20111111,-72.028,-39.931,2392.0,0.14,2011,RGI60-17.12442,1.6653392314910889,0.3596237897872925
B2,20110907,20111013,-72.028,-39.931,2392.0,0.41,2011,RGI60-17.12442,1.6653392314910889,0.3596237897872925
B2,20110820,20110907,-72.028,-39.931,2392.0,0.1,2011,RGI60-17.12442,1.6653392314910889,0.3596237897872925
B2,20110324,20110501,-72.028,-39.931,2392.0,0.55,2011,RGI60-17.12442,1.6653392314910889,0.3596237897872925
B2,20110223,20110324,-72.028,-39.931,2392.0,-0.28,2011,RGI60-17.12442,1.6653392314910889,0.3596237897872925
B12,20121111,20121208,-72.011,-39.952,1817.0,-0.61,2012,RGI60-17.12440,0.8541885614395142,0.12113004177808762
B9,20121111,20121208,-71.997,-39.946,1687.0,-0.69,2012,RGI60-17.12442,1.6653392314910889,0.3596237897872925
B9,20121027,20121111,-71.997,-39.946,1687.0,-0.01,2012,RGI60-17.12442,1.6653392314910889,0.3596237897872925
B9,20120922,20121027,-71.997,-39.946,1687.0,-0.16,2012,RGI60-17.12442,1.6653392314910889,0.3596237897872925
B9,20120824,20120922,-71.997,-39.946,1687.0,0.35,2012,RGI60-17.12442,1.6653392314910889,0.3596237897872925
B9,20120726,20120824,-71.997,-39.946,1687.0,0.21,2012,RGI60-17.12442,1.6653392314910889,0.3596237897872925
B9,20120625,20120726,-71.997,-39.946,1687.0,0.47,2012,RGI60-17.12442,1.6653392314910889,0.3596237897872925
B9,20120523,20120625,-71.997,-39.946,1687.0,0.02,2012,RGI60-17.12442,1.6653392314910889,0.3596237897872925
B9,20120421,20120523,-71.997,-39.946,1687.0,0.04,2012,RGI60-17.12442,1.6653392314910889,0.3596237897872925
B9,20120402,20120421,-71.997,-39.946,1687.0,-0.5,2012,RGI60-17.12442,1.6653392314910889,0.3596237897872925
B9,20120307,20120402,-71.997,-39.946,1687.0,-1.17,2012,RGI60-17.12442,1.6653392314910889,0.3596237897872925
B8,20121111,20121208,-72.004,-39.945,1887.0,-0.53,2012,RGI60-17.12442,1.6653392314910889,0.3596237897872925
B8,20121027,20121111,-72.004,-39.945,1887.0,-0.17,2012,RGI60-17.12442,1.6653392314910889,0.3596237897872925
B8,20120922,20121027,-72.004,-39.945,1887.0,0.15,2012,RGI60-17.12442,1.6653392314910889,0.3596237897872925
B8,20120824,20120922,-72.004,-39.945,1887.0,0.35,2012,RGI60-17.12442,1.6653392314910889,0.3596237897872925
B8,20120726,20120824,-72.004,-39.945,1887.0,0.29,2012,RGI60-17.12442,1.6653392314910889,0.3596237897872925
B8,20120625,20120726,-72.004,-39.945,1887.0,0.18,2012,RGI60-17.12442,1.6653392314910889,0.3596237897872925
B8,20120523,20120625,-72.004,-39.945,1887.0,0.42,2012,RGI60-17.12442,1.6653392314910889,0.3596237897872925
B8,20120421,20120523,-72.004,-39.945,1887.0,-0.01,2012,RGI60-17.12442,1.6653392314910889,0.3596237897872925
B8,20120402,20120421,-72.004,-39.945,1887.0,-0.44,2012,RGI60-17.12442,1.6653392314910889,0.3596237897872925
B8,20120307,20120402,-72.004,-39.945,1887.0,-1.2,2012,RGI60-17.12442,1.6653392314910889,0.3596237897872925
B8,20120210,20120307,-72.004,-39.945,1887.0,-1.73,2012,RGI60-17.12442,1.6653392314910889,0.3596237897872925
B2,20121111,20121208,-72.028,-39.931,2392.0,0.16,2012,RGI60-17.12442,1.6653392314910889,0.3596237897872925
B2,20121027,20121111,-72.028,-39.931,2392.0,0.02,2012,RGI60-17.12442,1.6653392314910889,0.3596237897872925
B2,20120922,20121027,-72.028,-39.931,2392.0,0.07,2012,RGI60-17.12442,1.6653392314910889,0.3596237897872925
B2,20120824,20120922,-72.028,-39.931,2392.0,0.27,2012,RGI60-17.12442,1.6653392314910889,0.3596237897872925
B2,20120402,20120421,-72.028,-39.931,2392.0,0.12,2012,RGI60-17.12442,1.6653392314910889,0.3596237897872925
B2,20120307,20120402,-72.028,-39.931,2392.0,-0.33,2012,RGI60-17.12442,1.6653392314910889,0.3596237897872925
B19,20121111,20121208,-72.03,-39.942,2022.0,0.11,2012,RGI60-17.12440,0.8541885614395142,0.12113004177808762
B19,20121027,20121111,-72.03,-39.942,2022.0,0.02,2012,RGI60-17.12440,0.8541885614395142,0.12113004177808762
B19,20120922,20121027,-72.03,-39.942,2022.0,0.35,2012,RGI60-17.12440,0.8541885614395142,0.12113004177808762
B19,20120824,20120922,-72.03,-39.942,2022.0,0.25,2012,RGI60-17.12440,0.8541885614395142,0.12113004177808762
B19,20120726,20120824,-72.03,-39.942,2022.0,0.59,2012,RGI60-17.12440,0.8541885614395142,0.12113004177808762
B19,20120421,20120523,-72.03,-39.942,2022.0,0.36,2012,RGI60-17.12440,0.8541885614395142,0.12113004177808762
B19,20120402,20120421,-72.03,-39.942,2022.0,-0.15,2012,RGI60-17.12440,0.8541885614395142,0.12113004177808762
B19,20120307,20120402,-72.03,-39.942,2022.0,-0.93,2012,RGI60-17.12440,0.8541885614395142,0.12113004177808762
B19,20120210,20120307,-72.03,-39.942,2022.0,-1.0,2012,RGI60-17.12440,0.8541885614395142,0.12113004177808762
B19,20120123,20120210,-72.03,-39.942,2022.0,-0.09,2012,RGI60-17.12440,0.8541885614395142,0.12113004177808762
B19,20120117,20120123,-72.03,-39.942,2022.0,-1.51,2012,RGI60-17.12440,0.8541885614395142,0.12113004177808762
B18,20121111,20121208,-72.019,-39.943,1982.0,0.05,2012,RGI60-17.12440,0.8541885614395142,0.12113004177808762
B18,20121027,20121111,-72.019,-39.943,1982.0,0.03,2012,RGI60-17.12440,0.8541885614395142,0.12113004177808762
B18,20120922,20121027,-72.019,-39.943,1982.0,0.34,2012,RGI60-17.12440,0.8541885614395142,0.12113004177808762
B18,20120824,20120922,-72.019,-39.943,1982.0,0.27,2012,RGI60-17.12440,0.8541885614395142,0.12113004177808762
B18,20120726,20120824,-72.019,-39.943,1982.0,0.38,2012,RGI60-17.12440,0.8541885614395142,0.12113004177808762
B18,20120625,20120726,-72.019,-39.943,1982.0,0.78,2012,RGI60-17.12440,0.8541885614395142,0.12113004177808762
B18,20120523,20120625,-72.019,-39.943,1982.0,0.8,2012,RGI60-17.12440,0.8541885614395142,0.12113004177808762
B18,20120421,20120523,-72.019,-39.943,1982.0,0.27,2012,RGI60-17.12440,0.8541885614395142,0.12113004177808762
B18,20120402,20120421,-72.019,-39.943,1982.0,-0.27,2012,RGI60-17.12440,0.8541885614395142,0.12113004177808762
B18,20120307,20120402,-72.019,-39.943,1982.0,-0.79,2012,RGI60-17.12440,0.8541885614395142,0.12113004177808762
B18,20120117,20120123,-72.019,-39.943,1982.0,-0.92,2012,RGI60-17.12440,0.8541885614395142,0.12113004177808762
B17,20121111,20121208,-72.014,-39.936,2032.0,0.17,2012,RGI60-17.12440,0.8541885614395142,0.12113004177808762
B17,20121027,20121111,-72.014,-39.936,2032.0,0.03,2012,RGI60-17.12440,0.8541885614395142,0.12113004177808762
B17,20120922,20121027,-72.014,-39.936,2032.0,0.24,2012,RGI60-17.12440,0.8541885614395142,0.12113004177808762
B17,20120824,20120922,-72.014,-39.936,2032.0,0.25,2012,RGI60-17.12440,0.8541885614395142,0.12113004177808762
B17,20120726,20120824,-72.014,-39.936,2032.0,0.48,2012,RGI60-17.12440,0.8541885614395142,0.12113004177808762
B17,20120625,20120726,-72.014,-39.936,2032.0,0.4,2012,RGI60-17.12440,0.8541885614395142,0.12113004177808762
B17,20120523,20120625,-72.014,-39.936,2032.0,0.87,2012,RGI60-17.12440,0.8541885614395142,0.12113004177808762
B17,20120421,20120523,-72.014,-39.936,2032.0,0.29,2012,RGI60-17.12440,0.8541885614395142,0.12113004177808762
B17,20120402,20120421,-72.014,-39.936,2032.0,-0.27,2012,RGI60-17.12440,0.8541885614395142,0.12113004177808762
B17,20120307,20120402,-72.014,-39.936,2032.0,-1.19,2012,RGI60-17.12440,0.8541885614395142,0.12113004177808762
B17,20120210,20120307,-72.014,-39.936,2032.0,-0.49,2012,RGI60-17.12440,0.8541885614395142,0.12113004177808762
B17,20120117,20120123,-72.014,-39.936,2032.0,-0.49,2012,RGI60-17.12440,0.8541885614395142,0.12113004177808762
B15,20121111,20121208,-72.009,-39.942,1918.0,-0.37,2012,RGI60-17.12440,0.8541885614395142,0.12113004177808762
B15,20121027,20121111,-72.009,-39.942,1918.0,-0.21,2012,RGI60-17.12440,0.8541885614395142,0.12113004177808762
B15,20120922,20121027,-72.009,-39.942,1918.0,-0.11,2012,RGI60-17.12440,0.8541885614395142,0.12113004177808762
B15,20120824,20120922,-72.009,-39.942,1918.0,0.13,2012,RGI60-17.12440,0.8541885614395142,0.12113004177808762
B15,20120726,20120824,-72.009,-39.942,1918.0,0.36,2012,RGI60-17.12440,0.8541885614395142,0.12113004177808762
B15,20120625,20120726,-72.009,-39.942,1918.0,0.46,2012,RGI60-17.12440,0.8541885614395142,0.12113004177808762
B15,20120523,20120625,-72.009,-39.942,1918.0,0.39,2012,RGI60-17.12440,0.8541885614395142,0.12113004177808762
B15,20120421,20120523,-72.009,-39.942,1918.0,0.22,2012,RGI60-17.12440,0.8541885614395142,0.12113004177808762
B15,20120402,20120421,-72.009,-39.942,1918.0,-0.31,2012,RGI60-17.12440,0.8541885614395142,0.12113004177808762
B15,20120307,20120402,-72.009,-39.942,1918.0,-0.86,2012,RGI60-17.12440,0.8541885614395142,0.12113004177808762
B15,20120117,20120123,-72.009,-39.942,1918.0,-1.86,2012,RGI60-17.12440,0.8541885614395142,0.12113004177808762
B14,20121111,20121208,-72.015,-39.947,1919.0,0.02,2012,RGI60-17.12440,0.8541885614395142,0.12113004177808762
B14,20121027,20121111,-72.015,-39.947,1919.0,0.01,2012,RGI60-17.12440,0.8541885614395142,0.12113004177808762
B14,20120922,20121027,-72.015,-39.947,1919.0,0.31,2012,RGI60-17.12440,0.8541885614395142,0.12113004177808762
B14,20120824,20120922,-72.015,-39.947,1919.0,0.26,2012,RGI60-17.12440,0.8541885614395142,0.12113004177808762
B14,20120726,20120824,-72.015,-39.947,1919.0,0.52,2012,RGI60-17.12440,0.8541885614395142,0.12113004177808762
B14,20120523,20120625,-72.015,-39.947,1919.0,0.9,2012,RGI60-17.12440,0.8541885614395142,0.12113004177808762
B14,20120421,20120523,-72.015,-39.947,1919.0,0.06,2012,RGI60-17.12440,0.8541885614395142,0.12113004177808762
B14,20120402,20120421,-72.015,-39.947,1919.0,-0.27,2012,RGI60-17.12440,0.8541885614395142,0.12113004177808762
B14,20120307,20120402,-72.015,-39.947,1919.0,-1.41,2012,RGI60-17.12440,0.8541885614395142,0.12113004177808762
B14,20120117,20120123,-72.015,-39.947,1919.0,-1.6,2012,RGI60-17.12440,0.8541885614395142,0.12113004177808762
B13,20121111,20121208,-72.019,-39.951,1917.0,-0.27,2012,RGI60-17.12440,0.8541885614395142,0.12113004177808762
B13,20121027,20121111,-72.019,-39.951,1917.0,-0.07,2012,RGI60-17.12440,0.8541885614395142,0.12113004177808762
B13,20120922,20121027,-72.019,-39.951,1917.0,0.32,2012,RGI60-17.12440,0.8541885614395142,0.12113004177808762
B13,20120824,20120922,-72.019,-39.951,1917.0,0.35,2012,RGI60-17.12440,0.8541885614395142,0.12113004177808762
B13,20120726,20120824,-72.019,-39.951,1917.0,0.43,2012,RGI60-17.12440,0.8541885614395142,0.12113004177808762
B13,20120523,20120625,-72.019,-39.951,1917.0,0.52,2012,RGI60-17.12440,0.8541885614395142,0.12113004177808762
B13,20120421,20120523,-72.019,-39.951,1917.0,0.05,2012,RGI60-17.12440,0.8541885614395142,0.12113004177808762
B13,20120210,20120307,-72.019,-39.951,1917.0,-1.67,2012,RGI60-17.12440,0.8541885614395142,0.12113004177808762
B13,20120117,20120123,-72.019,-39.951,1917.0,-1.77,2012,RGI60-17.12440,0.8541885614395142,0.12113004177808762
B12,20121027,20121111,-72.011,-39.952,1817.0,-0.21,2012,RGI60-17.12440,0.8541885614395142,0.12113004177808762
B12,20120922,20121027,-72.011,-39.952,1817.0,0.15,2012,RGI60-17.12440,0.8541885614395142,0.12113004177808762
B12,20120824,20120922,-72.011,-39.952,1817.0,0.25,2012,RGI60-17.12440,0.8541885614395142,0.12113004177808762
B12,20120726,20120824,-72.011,-39.952,1817.0,0.22,2012,RGI60-17.12440,0.8541885614395142,0.12113004177808762
B11,20121111,20121208,-72.001,-39.945,1811.0,-0.51,2012,RGI60-17.12442,1.6653392314910889,0.3596237897872925
B11,20121027,20121111,-72.001,-39.945,1811.0,-0.22,2012,RGI60-17.12442,1.6653392314910889,0.3596237897872925
B11,20120922,20121027,-72.001,-39.945,1811.0,-0.03,2012,RGI60-17.12442,1.6653392314910889,0.3596237897872925
B11,20120824,20120922,-72.001,-39.945,1811.0,0.31,2012,RGI60-17.12442,1.6653392314910889,0.3596237897872925
B11,20120726,20120824,-72.001,-39.945,1811.0,0.38,2012,RGI60-17.12442,1.6653392314910889,0.3596237897872925
B11,20120625,20120726,-72.001,-39.945,1811.0,0.44,2012,RGI60-17.12442,1.6653392314910889,0.3596237897872925
B11,20120523,20120625,-72.001,-39.945,1811.0,0.44,2012,RGI60-17.12442,1.6653392314910889,0.3596237897872925
B11,20120421,20120523,-72.001,-39.945,1811.0,0.03,2012,RGI60-17.12442,1.6653392314910889,0.3596237897872925
B11,20120402,20120421,-72.001,-39.945,1811.0,-0.66,2012,RGI60-17.12442,1.6653392314910889,0.3596237897872925
B11,20120307,20120402,-72.001,-39.945,1811.0,-1.27,2012,RGI60-17.12442,1.6653392314910889,0.3596237897872925
B10,20121111,20121208,-72.008,-39.949,1881.0,-0.1,2012,RGI60-17.12440,0.8541885614395142,0.12113004177808762
B10,20120922,20121027,-72.008,-39.949,1881.0,-0.14,2012,RGI60-17.12440,0.8541885614395142,0.12113004177808762
B10,20120824,20120922,-72.008,-39.949,1881.0,0.1,2012,RGI60-17.12440,0.8541885614395142,0.12113004177808762
B10,20120726,20120824,-72.008,-39.949,1881.0,0.37,2012,RGI60-17.12440,0.8541885614395142,0.12113004177808762
B10,20120625,20120726,-72.008,-39.949,1881.0,0.5,2012,RGI60-17.12440,0.8541885614395142,0.12113004177808762
B10,20120307,20120402,-72.008,-39.949,1881.0,-1.13,2012,RGI60-17.12440,0.8541885614395142,0.12113004177808762
B1,20121111,20121208,-72.027,-39.932,2392.0,0.13,2012,RGI60-17.12440,0.8541885614395142,0.12113004177808762
B1,20121027,20121111,-72.027,-39.932,2392.0,0.03,2012,RGI60-17.12440,0.8541885614395142,0.12113004177808762
B1,20120922,20121027,-72.027,-39.932,2392.0,0.03,2012,RGI60-17.12440,0.8541885614395142,0.12113004177808762
B1,20120824,20120922,-72.027,-39.932,2392.0,0.22,2012,RGI60-17.12440,0.8541885614395142,0.12113004177808762
B1,20120726,20120824,-72.027,-39.932,2392.0,0.21,2012,RGI60-17.12440,0.8541885614395142,0.12113004177808762
B1,20120402,20120421,-72.027,-39.932,2392.0,0.08,2012,RGI60-17.12440,0.8541885614395142,0.12113004177808762
B1,20120307,20120402,-72.027,-39.932,2392.0,-0.69,2012,RGI60-17.12440,0.8541885614395142,0.12113004177808762
B1,20120210,20120307,-72.027,-39.932,2392.0,-0.66,2012,RGI60-17.12440,0.8541885614395142,0.12113004177808762
B1,20130322,20130428,-72.027,-39.932,2392.0,-0.59,2013,RGI60-17.12440,0.8541885614395142,0.12113004177808762
B10,20121208,20130103,-72.008,-39.949,1881.0,-0.24,2013,RGI60-17.12440,0.8541885614395142,0.12113004177808762
B10,20130103,20130205,-72.008,-39.949,1881.0,-1.68,2013,RGI60-17.12440,0.8541885614395142,0.12113004177808762
B10,20130205,20130302,-72.008,-39.949,1881.0,-1.53,2013,RGI60-17.12440,0.8541885614395142,0.12113004177808762
B10,20130302,20130322,-72.008,-39.949,1881.0,-0.41,2013,RGI60-17.12440,0.8541885614395142,0.12113004177808762
B10,20130322,20130428,-72.008,-39.949,1881.0,-1.55,2013,RGI60-17.12440,0.8541885614395142,0.12113004177808762
B11,20121208,20130103,-72.001,-39.945,1811.0,-0.29,2013,RGI60-17.12442,1.6653392314910889,0.3596237897872925
B11,20130302,20130322,-72.001,-39.945,1811.0,-0.73,2013,RGI60-17.12442,1.6653392314910889,0.3596237897872925
B11,20130322,20130428,-72.001,-39.945,1811.0,-1.4,2013,RGI60-17.12442,1.6653392314910889,0.3596237897872925
B12,20121208,20130103,-72.011,-39.952,1817.0,-0.31,2013,RGI60-17.12440,0.8541885614395142,0.12113004177808762
B12,20130103,20130205,-72.011,-39.952,1817.0,-2.07,2013,RGI60-17.12440,0.8541885614395142,0.12113004177808762
B12,20130205,20130302,-72.011,-39.952,1817.0,-2.11,2013,RGI60-17.12440,0.8541885614395142,0.12113004177808762
B12,20130322,20130428,-72.011,-39.952,1817.0,-1.13,2013,RGI60-17.12440,0.8541885614395142,0.12113004177808762
B13,20121208,20130103,-72.019,-39.951,1917.0,-0.19,2013,RGI60-17.12440,0.8541885614395142,0.12113004177808762
B13,20130205,20130302,-72.019,-39.951,1917.0,-0.92,2013,RGI60-17.12440,0.8541885614395142,0.12113004177808762
B13,20130302,20130322,-72.019,-39.951,1917.0,-0.57,2013,RGI60-17.12440,0.8541885614395142,0.12113004177808762
B13,20130322,20130428,-72.019,-39.951,1917.0,-1.04,2013,RGI60-17.12440,0.8541885614395142,0.12113004177808762
B14,20121208,20130103,-72.015,-39.947,1919.0,0.11,2013,RGI60-17.12440,0.8541885614395142,0.12113004177808762
B14,20130103,20130205,-72.015,-39.947,1919.0,-1.53,2013,RGI60-17.12440,0.8541885614395142,0.12113004177808762
B14,20130205,20130302,-72.015,-39.947,1919.0,-1.07,2013,RGI60-17.12440,0.8541885614395142,0.12113004177808762
B14,20130302,20130322,-72.015,-39.947,1919.0,-0.39,2013,RGI60-17.12440,0.8541885614395142,0.12113004177808762
B14,20130322,20130428,-72.015,-39.947,1919.0,-1.15,2013,RGI60-17.12440,0.8541885614395142,0.12113004177808762
B15,20121208,20130103,-72.009,-39.942,1918.0,-0.19,2013,RGI60-17.12440,0.8541885614395142,0.12113004177808762
B15,20130302,20130322,-72.009,-39.942,1918.0,-0.41,2013,RGI60-17.12440,0.8541885614395142,0.12113004177808762
B9,20130322,20130428,-71.997,-39.946,1687.0,-1.33,2013,RGI60-17.12442,1.6653392314910889,0.3596237897872925
B9,20130302,20130322,-71.997,-39.946,1687.0,-0.68,2013,RGI60-17.12442,1.6653392314910889,0.3596237897872925
B9,20121208,20130103,-71.997,-39.946,1687.0,-2.07,2013,RGI60-17.12442,1.6653392314910889,0.3596237897872925
B8,20130322,20130428,-72.004,-39.945,1887.0,-1.23,2013,RGI60-17.12442,1.6653392314910889,0.3596237897872925
B8,20130302,20130322,-72.004,-39.945,1887.0,-0.49,2013,RGI60-17.12442,1.6653392314910889,0.3596237897872925
B8,20121208,20130103,-72.004,-39.945,1887.0,-0.41,2013,RGI60-17.12442,1.6653392314910889,0.3596237897872925
B2,20121208,20130103,-72.028,-39.931,2392.0,0.22,2013,RGI60-17.12442,1.6653392314910889,0.3596237897872925
B19,20130322,20130428,-72.03,-39.942,2022.0,-0.34,2013,RGI60-17.12440,0.8541885614395142,0.12113004177808762
B19,20130302,20130322,-72.03,-39.942,2022.0,-0.12,2013,RGI60-17.12440,0.8541885614395142,0.12113004177808762
B19,20130205,20130302,-72.03,-39.942,2022.0,-0.31,2013,RGI60-17.12440,0.8541885614395142,0.12113004177808762
B19,20121208,20130103,-72.03,-39.942,2022.0,0.09,2013,RGI60-17.12440,0.8541885614395142,0.12113004177808762
B18,20130322,20130428,-72.019,-39.943,1982.0,-0.95,2013,RGI60-17.12440,0.8541885614395142,0.12113004177808762
B18,20130302,20130322,-72.019,-39.943,1982.0,-0.54,2013,RGI60-17.12440,0.8541885614395142,0.12113004177808762
B18,20121208,20130103,-72.019,-39.943,1982.0,0.08,2013,RGI60-17.12440,0.8541885614395142,0.12113004177808762
B17,20130322,20130428,-72.014,-39.936,2032.0,-0.74,2013,RGI60-17.12440,0.8541885614395142,0.12113004177808762
B17,20130302,20130322,-72.014,-39.936,2032.0,-0.54,2013,RGI60-17.12440,0.8541885614395142,0.12113004177808762
B17,20121208,20130103,-72.014,-39.936,2032.0,0.26,2013,RGI60-17.12440,0.8541885614395142,0.12113004177808762
B15,20130322,20130428,-72.009,-39.942,1918.0,-0.66,2013,RGI60-17.12440,0.8541885614395142,0.12113004177808762
B1,20121208,20130103,-72.027,-39.932,2392.0,0.15,2013,RGI60-17.12440,0.8541885614395142,0.12113004177808762
B1,20130302,20130322,-72.027,-39.932,2392.0,-0.16,2013,RGI60-17.12440,0.8541885614395142,0.12113004177808762
B13,20150514,20160429,-72.019,-39.951,1917.0,-2.18,2016,RGI60-17.12440,0.8541885614395142,0.12113004177808762
B8,20150514,20160429,-72.004,-39.945,1887.0,-3.48,2016,RGI60-17.12442,1.6653392314910889,0.3596237897872925
B2,20150514,20160429,-72.028,-39.931,2392.0,0.11,2016,RGI60-17.12442,1.6653392314910889,0.3596237897872925
B19,20150514,20160429,-72.03,-39.942,2022.0,0.01,2016,RGI60-17.12440,0.8541885614395142,0.12113004177808762
B14,20150514,20160429,-72.015,-39.947,1919.0,-1.35,2016,RGI60-17.12440,0.8541885614395142,0.12113004177808762
B15,20150514,20160429,-72.009,-39.942,1918.0,-2.1,2016,RGI60-17.12440,0.8541885614395142,0.12113004177808762
B17,20150514,20160429,-72.014,-39.936,2032.0,-0.5,2016,RGI60-17.12440,0.8541885614395142,0.12113004177808762
B1,20150514,20160429,-72.027,-39.932,2392.0,-0.15,2016,RGI60-17.12440,0.8541885614395142,0.12113004177808762
B18,20150514,20160429,-72.019,-39.943,1982.0,-0.28,2016,RGI60-17.12440,0.8541885614395142,0.12113004177808762
B10,20150514,20160429,-72.008,-39.949,1881.0,-2.49,2016,RGI60-17.12440,0.8541885614395142,0.12113004177808762
B11,20150514,20160429,-72.001,-39.945,1811.0,-2.82,2016,RGI60-17.12442,1.6653392314910889,0.3596237897872925
B12,20150514,20160429,-72.011,-39.952,1817.0,-4.7,2016,RGI60-17.12440,0.8541885614395142,0.12113004177808762
B1,20160429,20170412,-72.027,-39.932,2392.0,-0.64,2017,RGI60-17.12440,0.8541885614395142,0.12113004177808762
B8,20160429,20170412,-72.004,-39.945,1887.0,-4.13,2017,RGI60-17.12442,1.6653392314910889,0.3596237897872925
B2,20160429,20170412,-72.028,-39.931,2392.0,0.08,2017,RGI60-17.12442,1.6653392314910889,0.3596237897872925
B19,20160429,20170412,-72.03,-39.942,2022.0,-0.86,2017,RGI60-17.12440,0.8541885614395142,0.12113004177808762
B18,20160429,20170412,-72.019,-39.943,1982.0,-1.85,2017,RGI60-17.12440,0.8541885614395142,0.12113004177808762
B17,20160429,20170412,-72.014,-39.936,2032.0,-1.63,2017,RGI60-17.12440,0.8541885614395142,0.12113004177808762
B15,20160429,20170412,-72.009,-39.942,1918.0,-3.45,2017,RGI60-17.12440,0.8541885614395142,0.12113004177808762
B14,20160429,20170412,-72.015,-39.947,1919.0,-1.82,2017,RGI60-17.12440,0.8541885614395142,0.12113004177808762
B13,20160429,20170412,-72.019,-39.951,1917.0,-3.85,2017,RGI60-17.12440,0.8541885614395142,0.12113004177808762
B12,20160429,20170412,-72.011,-39.952,1817.0,-6.33,2017,RGI60-17.12440,0.8541885614395142,0.12113004177808762
B11,20160429,20170412,-72.001,-39.945,1811.0,-4.03,2017,RGI60-17.12442,1.6653392314910889,0.3596237897872925
B10,20160429,20170412,-72.008,-39.949,1881.0,-4.97,2017,RGI60-17.12440,0.8541885614395142,0.12113004177808762
B1,20170412,20180503,-72.027,-39.932,2392.0,0.27,2018,RGI60-17.12440,0.8541885614395142,0.12113004177808762
B8,20170412,20180503,-72.004,-39.945,1887.0,-2.0,2018,RGI60-17.12442,1.6653392314910889,0.3596237897872925
B2,20170412,20180503,-72.028,-39.931,2392.0,0.45,2018,RGI60-17.12442,1.6653392314910889,0.3596237897872925
B19,20170412,20180503,-72.03,-39.942,2022.0,1.2,2018,RGI60-17.12440,0.8541885614395142,0.12113004177808762
B18,20170412,20180503,-72.019,-39.943,1982.0,-0.12,2018,RGI60-17.12440,0.8541885614395142,0.12113004177808762
B17,20170412,20180503,-72.014,-39.936,2032.0,0.41,2018,RGI60-17.12440,0.8541885614395142,0.12113004177808762
B15,20170412,20180503,-72.009,-39.942,1918.0,-0.97,2018,RGI60-17.12440,0.8541885614395142,0.12113004177808762
B14,20170412,20180503,-72.015,-39.947,1919.0,0.59,2018,RGI60-17.12440,0.8541885614395142,0.12113004177808762
B13,20170412,20180503,-72.019,-39.951,1917.0,-1.28,2018,RGI60-17.12440,0.8541885614395142,0.12113004177808762
B12,20170412,20180503,-72.011,-39.952,1817.0,-2.45,2018,RGI60-17.12440,0.8541885614395142,0.12113004177808762
B11,20170412,20180503,-72.001,-39.945,1811.0,-1.79,2018,RGI60-17.12442,1.6653392314910889,0.3596237897872925
B10,20170412,20180503,-72.008,-39.949,1881.0,-1.78,2018,RGI60-17.12440,0.8541885614395142,0.12113004177808762
B1,20180503,20190505,-72.027,-39.932,2392.0,0.02,2019,RGI60-17.12440,0.8541885614395142,0.12113004177808762
B8,20180503,20190505,-72.004,-39.945,1887.0,-0.62,2019,RGI60-17.12442,1.6653392314910889,0.3596237897872925
B2,20180503,20190505,-72.028,-39.931,2392.0,0.34,2019,RGI60-17.12442,1.6653392314910889,0.3596237897872925
B19,20180503,20190505,-72.03,-39.942,2022.0,0.52,2019,RGI60-17.12440,0.8541885614395142,0.12113004177808762
B18,20180503,20190505,-72.019,-39.943,1982.0,0.3,2019,RGI60-17.12440,0.8541885614395142,0.12113004177808762
B17,20180503,20190505,-72.014,-39.936,2032.0,0.26,2019,RGI60-17.12440,0.8541885614395142,0.12113004177808762
B15,20180503,20190505,-72.009,-39.942,1918.0,-0.45,2019,RGI60-17.12440,0.8541885614395142,0.12113004177808762
B14,20180503,20190505,-72.015,-39.947,1919.0,0.31,2019,RGI60-17.12440,0.8541885614395142,0.12113004177808762
B13,20180503,20190505,-72.019,-39.951,1917.0,-0.45,2019,RGI60-17.12440,0.8541885614395142,0.12113004177808762
B12,20180503,20190505,-72.011,-39.952,1817.0,-0.61,2019,RGI60-17.12440,0.8541885614395142,0.12113004177808762
B11,20180503,20190505,-72.001,-39.945,1811.0,-0.53,2019,RGI60-17.12442,1.6653392314910889,0.3596237897872925
B10,20180503,20190505,-72.008,-39.949,1881.0,-0.31,2019,RGI60-17.12440,0.8541885614395142,0.12113004177808762
B8,20210104,20210424,-72.004,-39.945,1887.0,-4.39,2021,RGI60-17.12442,1.6653392314910889,0.3596237897872925
B10,20210104,20210424,-72.008,-39.949,1881.0,-4.53,2021,RGI60-17.12440,0.8541885614395142,0.12113004177808762
B11,20210104,20210424,-72.001,-39.945,1811.0,-4.65,2021,RGI60-17.12442,1.6653392314910889,0.3596237897872925
B12,20210104,20210424,-72.011,-39.952,1817.0,-6.24,2021,RGI60-17.12440,0.8541885614395142,0.12113004177808762
B13,20210104,20210424,-72.019,-39.951,1917.0,-3.62,2021,RGI60-17.12440,0.8541885614395142,0.12113004177808762
B14,20210104,20210424,-72.015,-39.947,1919.0,-3.08,2021,RGI60-17.12440,0.8541885614395142,0.12113004177808762
B15,20210104,20210424,-72.009,-39.942,1918.0,-3.18,2021,RGI60-17.12440,0.8541885614395142,0.12113004177808762
B17,20210104,20210424,-72.014,-39.936,2032.0,-3.6,2021,RGI60-17.12440,0.8541885614395142,0.12113004177808762
B18,20210104,20210424,-72.019,-39.943,1982.0,-4.0,2021,RGI60-17.12440,0.8541885614395142,0.12113004177808762
B19,20210104,20210424,-72.03,-39.942,2022.0,-3.3,2021,RGI60-17.12440,0.8541885614395142,0.12113004177808762
B8,20211115,20220415,-72.004,-39.945,1887.0,-6.84,2022,RGI60-17.12442,1.6653392314910889,0.3596237897872925
B10,20211115,20220415,-72.008,-39.949,1881.0,-7.71,2022,RGI60-17.12440,0.8541885614395142,0.12113004177808762
B12,20211115,20220415,-72.011,-39.952,1817.0,-8.8,2022,RGI60-17.12440,0.8541885614395142,0.12113004177808762
B14,20211115,20220415,-72.015,-39.947,1919.0,-5.54,2022,RGI60-17.12440,0.8541885614395142,0.12113004177808762
B15,20211115,20220415,-72.009,-39.942,1918.0,-5.62,2022,RGI60-17.12440,0.8541885614395142,0.12113004177808762
B18,20211115,20220415,-72.019,-39.943,1982.0,-5.62,2022,RGI60-17.12440,0.8541885614395142,0.12113004177808762
B19,20211115,20220415,-72.03,-39.942,2022.0,-3.83,2022,RGI60-17.12440,0.8541885614395142,0.12113004177808762
B12,20221126,20230415,-72.011,-39.952,1817.0,-10.13,2023,RGI60-17.12440,0.8541885614395142,0.12113004177808762
B15,20221126,20230415,-72.009,-39.942,1918.0,-6.82,2023,RGI60-17.12440,0.8541885614395142,0.12113004177808762
B19,20221126,20230415,-72.03,-39.942,2022.0,-5.04,2023,RGI60-17.12440,0.8541885614395142,0.12113004177808762
B11,20231020,20240301,-72.001,-39.945,1811.0,-3.19,2024,RGI60-17.12442,1.6653392314910889,0.3596237897872925
B12,20231020,20240301,-72.011,-39.953,1764.0,-6.27,2024,RGI60-17.12440,0.8541885614395142,0.12113004177808762
B14,20231020,20240301,-72.016,-39.947,1913.0,-2.6,2024,RGI60-17.12440,0.8541885614395142,0.12113004177808762
B18,20231020,20240301,-72.019,-39.943,1977.0,-2.59,2024,RGI60-17.12440,0.8541885614395142,0.12113004177808762
B19,20231020,20240301,-72.03,-39.942,2023.0,-2.25,2024,RGI60-17.12440,0.8541885614395142,0.12113004177808762
1,20130901,20140401,-70.12961259,-33.57630346,3850.338,-2.925,2014,RGI60-17.13715,4.559776306152344,0.5372689366340637
2,20130901,20140401,-70.13017634,-33.57677985,3824.771,-8.778,2014,RGI60-17.13715,4.559776306152344,0.5372689366340637
3,20130901,20140401,-70.13242481,-33.57697086,3802.967,-4.8,2014,RGI60-17.13715,4.559776306152344,0.5372689366340637
4,20130901,20140401,-70.13148002,-33.57740766,3786.349,-5.72,2014,RGI60-17.13715,4.559776306152344,0.5372689366340637
5,20130901,20140401,-70.13173303,-33.57826136,3761.444,-4.396,2014,RGI60-17.13715,4.559776306152344,0.5372689366340637
6,20130901,20140401,-70.13246143,-33.57830448,3762.781,-5.675,2014,RGI60-17.13715,4.559776306152344,0.5372689366340637
7,20130901,20140401,-70.1343336,-33.58006845,3746.797,-11.627,2014,RGI60-17.13715,4.559776306152344,0.5372689366340637
8,20130901,20140401,-70.13378036,-33.580354,3728.489,-7.148,2014,RGI60-17.13715,4.559776306152344,0.5372689366340637
9,20130901,20140401,-70.13340026,-33.58068438,3716.506,-10.028,2014,RGI60-17.13715,4.559776306152344,0.5372689366340637
10,20130901,20140401,-70.13454529,-33.58090362,3719.868,-7.668,2014,RGI60-17.13715,4.559776306152344,0.5372689366340637
11,20130901,20140401,-70.13607858,-33.58126012,3756.149,-10.129,2014,RGI60-17.13715,4.559776306152344,0.5372689366340637
12,20130901,20140401,-70.13512823,-33.58165747,3714.397,-9.979,2014,RGI60-17.13715,4.559776306152344,0.5372689366340637
13,20130901,20140401,-70.13446247,-33.58201101,3696.262,-8.228,2014,RGI60-17.13715,4.559776306152344,0.5372689366340637
14,20130901,20140401,-70.13674553,-33.58202485,3750.329,-8.589,2014,RGI60-17.13715,4.559776306152344,0.5372689366340637
15,20130901,20140401,-70.13556409,-33.58239343,3714.406,-7.795,2014,RGI60-17.13715,4.559776306152344,0.5372689366340637
16,20130901,20140401,-70.13481311,-33.5830813,3688.935,-6.69,2014,RGI60-17.13715,4.559776306152344,0.5372689366340637
17,20130901,20140401,-70.13384034,-33.58403191,3658.863,-6.699,2014,RGI60-17.13715,4.559776306152344,0.5372689366340637
1,20140401,20150331,-70.12969442,-33.57634006,3844.041,-5.855,2015,RGI60-17.13715,4.559776306152344,0.5372689366340637
3,20140401,20150331,-70.13246094,-33.57699702,3799.622,-7.209,2015,RGI60-17.13715,4.559776306152344,0.5372689366340637
4,20140401,20150331,-70.13152342,-33.57747185,3780.967,-5.78,2015,RGI60-17.13715,4.559776306152344,0.5372689366340637
6,20140401,20150331,-70.13243398,-33.5782894,3760.769,-6.586,2015,RGI60-17.13715,4.559776306152344,0.5372689366340637
7,20140401,20150331,-70.13438853,-33.57995667,3750.048,-6.416,2015,RGI60-17.13715,4.559776306152344,0.5372689366340637
8,20140401,20150331,-70.13376953,-33.58028469,3726.306,-6.661,2015,RGI60-17.13715,4.559776306152344,0.5372689366340637
9,20140401,20150331,-70.13344972,-33.58068391,3713.174,-6.895,2015,RGI60-17.13715,4.559776306152344,0.5372689366340637
11,20140401,20150331,-70.13447024,-33.58194076,3693.738,-7.11,2015,RGI60-17.13715,4.559776306152344,0.5372689366340637
12,20140401,20150331,-70.13515392,-33.58160364,3711.623,-8.148,2015,RGI60-17.13715,4.559776306152344,0.5372689366340637
13,20140401,20150331,-70.13610758,-33.58119637,3757.46,-7.931,2015,RGI60-17.13715,4.559776306152344,0.5372689366340637
14,20140401,20150331,-70.13680031,-33.58198404,3750.852,-8.13,2015,RGI60-17.13715,4.559776306152344,0.5372689366340637
15,20140401,20150331,-70.13556614,-33.58245886,3709.684,-8.425,2015,RGI60-17.13715,4.559776306152344,0.5372689366340637
16,20140401,20150331,-70.13484106,-33.58313039,3684.823,-7.177,2015,RGI60-17.13715,4.559776306152344,0.5372689366340637
1,20150915,20160322,-70.12966934,-33.57632516,3845.052,-4.924,2016,RGI60-17.13715,4.559776306152344,0.5372689366340637
3,20150915,20160322,-70.13242123,-33.576961,3801.451,-5.703,2016,RGI60-17.13715,4.559776306152344,0.5372689366340637
4,20150915,20160322,-70.13151188,-33.57746747,3779.991,-4.738,2016,RGI60-17.13715,4.559776306152344,0.5372689366340637
6,20150915,20160322,-70.13241915,-33.57827479,3761.41,-5.799,2016,RGI60-17.13715,4.559776306152344,0.5372689366340637
7,20150915,20160322,-70.13434388,-33.57994071,3748.157,-7.15,2016,RGI60-17.13715,4.559776306152344,0.5372689366340637
8,20150915,20160322,-70.13384944,-33.5802007,3729.626,-6.872,2016,RGI60-17.13715,4.559776306152344,0.5372689366340637
9,20151115,20160322,-70.13351517,-33.58062453,3715.67,-5.455,2016,RGI60-17.13715,4.559776306152344,0.5372689366340637
11,20151115,20160322,-70.13449106,-33.58191968,3694.051,-5.875,2016,RGI60-17.13715,4.559776306152344,0.5372689366340637
12,20151115,20160322,-70.13521665,-33.58162857,3712.959,-6.664,2016,RGI60-17.13715,4.559776306152344,0.5372689366340637
15,20151115,20160322,-70.13555084,-33.58245319,3708.936,-6.536,2016,RGI60-17.13715,4.559776306152344,0.5372689366340637
16,20151115,20160322,-70.13486082,-33.5831684,3683.181,-5.662,2016,RGI60-17.13715,4.559776306152344,0.5372689366340637
1,20161028,20170328,-70.12966939,-33.57632472,3844.785,-5.329,2017,RGI60-17.13715,4.559776306152344,0.5372689366340637
4,20161028,20170328,-70.13151291,-33.57749821,3778.304,-5.005,2017,RGI60-17.13715,4.559776306152344,0.5372689366340637
6,20161028,20170328,-70.13240392,-33.57830318,3759.404,-5.671,2017,RGI60-17.13715,4.559776306152344,0.5372689366340637
8,20161028,20170328,-70.13375291,-33.58030357,3725.449,-7.075,2017,RGI60-17.13715,4.559776306152344,0.5372689366340637
12,20161028,20170328,-70.13513193,-33.58156504,3710.377,-7.141,2017,RGI60-17.13715,4.559776306152344,0.5372689366340637
16,20161028,20170328,-70.13487325,-33.58311312,3682.916,-6.563,2017,RGI60-17.13715,4.559776306152344,0.5372689366340637
1,20170926,20180131,-70.12966909,-33.57631245,3849.383,-4.95,2018,RGI60-17.13715,4.559776306152344,0.5372689366340637
4,20170926,20180131,-70.13153028,-33.57749919,3781.053,-3.53,2018,RGI60-17.13715,4.559776306152344,0.5372689366340637
8,20170926,20180131,-70.13375133,-33.58031872,3728.167,-4.33,2018,RGI60-17.13715,4.559776306152344,0.5372689366340637
5,20180322,20190329,-70.132,-33.578,3775.613,-2.32,2019,RGI60-17.13715,4.559776306152344,0.5372689366340637
8,20180322,20190329,-70.134,-33.58,3715.798,-3.01,2019,RGI60-17.13715,4.559776306152344,0.5372689366340637
13,20180322,20190329,-70.135,-33.582,3696.878,-3.55,2019,RGI60-17.13715,4.559776306152344,0.5372689366340637
3,20180418,20190329,-70.132,-33.578,3774.445,-5.751,2019,RGI60-17.13715,4.559776306152344,0.5372689366340637
4,20180418,20190329,-70.132,-33.577,3775.867,-5.085,2019,RGI60-17.13715,4.559776306152344,0.5372689366340637
6,20180418,20190329,-70.132,-33.578,3760.148,-5.824,2019,RGI60-17.13715,4.559776306152344,0.5372689366340637
8,20180418,20190329,-70.134,-33.58,3716.302,-6.801,2019,RGI60-17.13715,4.559776306152344,0.5372689366340637
13,20180418,20190329,-70.135,-33.582,3697.681,-7.742,2019,RGI60-17.13715,4.559776306152344,0.5372689366340637
16,20180418,20190329,-70.135,-33.583,3682.577,-4.823,2019,RGI60-17.13715,4.559776306152344,0.5372689366340637
L1.75,20160202,20160205,-73.181,-46.527,203.0,-0.16,2016,RGI60-17.15831,3.390378713607788,0.24135234951972961
L2,20160202,20160205,-73.179,-46.523,193.0,-0.19,2016,RGI60-17.15831,3.390378713607788,0.24135234951972961
L2.25,20160202,20160205,-73.178,-46.519,198.0,-0.29,2016,RGI60-17.15831,3.390378713607788,0.24135234951972961
T4,20160202,20160205,-73.19,-46.531,220.0,-0.26,2016,RGI60-17.15831,3.390378713607788,0.24135234951972961
T5,20160202,20160205,-73.183,-46.532,216.0,-0.04,2016,RGI60-17.15831,3.390378713607788,0.24135234951972961
T7,20160202,20160205,-73.187,-46.517,198.0,-0.28,2016,RGI60-17.15831,3.390378713607788,0.24135234951972961
T8,20160202,20160205,-73.178,-46.517,198.0,-0.28,2016,RGI60-17.15831,3.390378713607788,0.24135234951972961
T9,20160202,20160205,-73.17,-46.517,193.0,-0.2,2016,RGI60-17.15831,3.390378713607788,0.24135234951972961
1,20181212,20190417,-73.173,-46.51,177.0,-9.79,2019,RGI60-17.15831,3.390378713607788,0.24135234951972961
2,20181212,20190417,-73.177,-46.51,187.0,-3.33,2019,RGI60-17.15831,3.390378713607788,0.24135234951972961
4,20181212,20190417,-73.174,-46.518,175.0,-6.57,2019,RGI60-17.15831,3.390378713607788,0.24135234951972961
5,20181212,20190417,-73.17,-46.519,187.0,-7.97,2019,RGI60-17.15831,3.390378713607788,0.24135234951972961
1,20190418,20191206,-73.173,-46.51,177.0,-8.53,2019,RGI60-17.15831,3.390378713607788,0.24135234951972961
2,20190418,20191206,-73.177,-46.51,187.0,-10.8,2019,RGI60-17.15831,3.390378713607788,0.24135234951972961
3,20190418,20191206,-73.175,-46.513,182.0,-8.06,2019,RGI60-17.15831,3.390378713607788,0.24135234951972961
4,20190418,20191206,-73.174,-46.518,175.0,-6.55,2019,RGI60-17.15831,3.390378713607788,0.24135234951972961
5,20190418,20191206,-73.17,-46.519,187.0,-8.1,2019,RGI60-17.15831,3.390378713607788,0.24135234951972961
1,20200528,20201116,-73.173,-46.51,177.0,-4.86,2020,RGI60-17.15831,3.390378713607788,0.24135234951972961
2,20200528,20201116,-73.177,-46.51,187.0,-2.7,2020,RGI60-17.15831,3.390378713607788,0.24135234951972961
3,20200528,20201116,-73.175,-46.513,182.0,-2.97,2020,RGI60-17.15831,3.390378713607788,0.24135234951972961
4,20200528,20201116,-73.174,-46.518,175.0,-4.32,2020,RGI60-17.15831,3.390378713607788,0.24135234951972961
5,20200528,20201116,-73.17,-46.519,187.0,-3.17,2020,RGI60-17.15831,3.390378713607788,0.24135234951972961
1,20201116,20210304,-73.173,-46.51,178.0,-10.8,2021,RGI60-17.15831,3.390378713607788,0.24135234951972961
2,20201116,20210304,-73.177,-46.509,190.0,-1.8,2021,RGI60-17.15831,3.390378713607788,0.24135234951972961
3,20201116,20210304,-73.175,-46.513,187.0,-10.62,2021,RGI60-17.15831,3.390378713607788,0.24135234951972961
4,20201116,20210304,-73.174,-46.518,175.0,-7.29,2021,RGI60-17.15831,3.390378713607788,0.24135234951972961
5,20201116,20210304,-73.169,-46.519,186.0,-10.8,2021,RGI60-17.15831,3.390378713607788,0.24135234951972961
1,20210804,20211215,-73.173,-46.51,184.0,-5.9,2021,RGI60-17.15831,3.390378713607788,0.24135234951972961
2,20210804,20211215,-73.177,-46.509,195.0,-6.57,2021,RGI60-17.15831,3.390378713607788,0.24135234951972961
3,20210804,20211215,-73.175,-46.513,187.0,-5.58,2021,RGI60-17.15831,3.390378713607788,0.24135234951972961
4,20210804,20211215,-73.174,-46.518,175.0,-5.49,2021,RGI60-17.15831,3.390378713607788,0.24135234951972961
5,20210804,20211215,-73.169,-46.519,182.0,-5.82,2021,RGI60-17.15831,3.390378713607788,0.24135234951972961
t1,20020301,20031101,-73.301816,-51.126745,563.05,-4.25,2003,RGI60-17.04856,6.211775302886963,0.10256534069776535
t2,20020301,20031101,-73.307231,-51.12824,608.0,-3.0,2003,RGI60-17.04856,6.211775302886963,0.10256534069776535
t4,20020301,20031101,-73.317856,-51.132448,634.76,-1.94,2003,RGI60-17.04856,6.211775302886963,0.10256534069776535
t5,20020301,20031101,-73.322648,-51.134481,635.55,-2.25,2003,RGI60-17.04856,6.211775302886963,0.10256534069776535
t6,20020301,20031101,-73.327963,-51.136712,634.51,-1.69,2003,RGI60-17.04856,6.211775302886963,0.10256534069776535
t2-tyndall-dga,20130408,20130510,-73.306795,-51.128876,606.0,-0.68,2013,RGI60-17.04856,6.211775302886963,0.10256534069776535
t3-tyndall-dga,20130408,20130510,-73.311684,-51.139665,602.0,-0.68,2013,RGI60-17.04856,6.211775302886963,0.10256534069776535
t4-tyndall-dga,20130408,20130510,-73.316398,-51.132306,629.0,-0.68,2013,RGI60-17.04856,6.211775302886963,0.10256534069776535
t5-tyndall-dga,20130408,20130510,-73.321217,-51.124954,645.0,-0.77,2013,RGI60-17.04856,6.211775302886963,0.10256534069776535
t6-tyndall-dga,20130408,20130510,-73.325341,-51.135626,631.0,-0.71,2013,RGI60-17.04856,6.211775302886963,0.10256534069776535
t7-tyndall-dga,20130408,20130510,-73.330039,-51.137282,631.0,-0.8,2013,RGI60-17.04856,6.211775302886963,0.10256534069776535
t8-tyndall-dga,20130408,20130510,-73.334839,-51.138939,634.0,-0.77,2013,RGI60-17.04856,6.211775302886963,0.10256534069776535
t9-tyndall-dga,20130408,20130510,-73.339629,-51.140568,630.0,-1.13,2013,RGI60-17.04856,6.211775302886963,0.10256534069776535
t10-tyndall-dga,20130408,20130510,-73.344247,-51.142366,626.0,-1.17,2013,RGI60-17.04856,6.211775302886963,0.10256534069776535
t11-tyndall-dga,20130408,20130510,-73.348797,-51.144539,618.0,-0.83,2013,RGI60-17.04856,6.211775302886963,0.10256534069776535
t12-tyndall-dga,20130408,20130510,-73.353779,-51.145435,623.0,-0.68,2013,RGI60-17.04856,6.211775302886963,0.10256534069776535
t13-tyndall-dga,20130408,20130510,-73.357743,-51.148041,627.0,-0.88,2013,RGI60-17.04856,6.211775302886963,0.10256534069776535
bo2-tyndall-dga,20121117,20130510,-73.308922,-51.128916,611.0,-6.21,2013,RGI60-17.04856,6.211775302886963,0.10256534069776535
bo3-tyndall-dga,20121117,20130510,-73.314535,-51.130253,627.0,-6.05,2013,RGI60-17.04856,6.211775302886963,0.10256534069776535
bo4-tyndall-dga,20121117,20130510,-73.320059,-51.132025,633.0,-5.91,2013,RGI60-17.04856,6.211775302886963,0.10256534069776535
bo5-tyndall-dga,20121117,20130510,-73.325062,-51.13428,633.0,-5.99,2013,RGI60-17.04856,6.211775302886963,0.10256534069776535
bo6-tyndall-dga,20121117,20130510,-73.331082,-51.135971,634.0,-5.0,2013,RGI60-17.04856,6.211775302886963,0.10256534069776535
bo7-tyndall-dga,20121117,20130510,-73.336409,-51.137345,640.0,-7.04,2013,RGI60-17.04856,6.211775302886963,0.10256534069776535
bo8-tyndall-dga,20121117,20130510,-73.342727,-51.138585,637.0,-5.46,2013,RGI60-17.04856,6.211775302886963,0.10256534069776535
bo9-tyndall-dga,20121117,20130510,-73.349419,-51.140126,632.0,-5.23,2013,RGI60-17.04856,6.211775302886963,0.10256534069776535
bo10-tyndall-dga,20121117,20130510,-73.356864,-51.141634,637.0,-5.36,2013,RGI60-17.04856,6.211775302886963,0.10256534069776535
l1-exploradores-dga,20130415,20130515,-73.183194,-46.540207,234.0,-1.08,2013,RGI60-17.15831,3.390378713607788,0.24135234951972961
l2-exploradores-dga,20130415,20130515,-73.178794,-46.522558,200.0,-1.08,2013,RGI60-17.15831,3.390378713607788,0.24135234951972961
l3-exploradores-dga,20130415,20130515,-73.177005,-46.510656,175.0,-1.23,2013,RGI60-17.15831,3.390378713607788,0.24135234951972961
t1-exploradores-dga,20130415,20130515,-73.192426,-46.551788,277.0,-1.04,2013,RGI60-17.15831,3.390378713607788,0.24135234951972961
t2-exploradores-dga,20130415,20130515,-73.183298,-46.551878,284.0,-0.99,2013,RGI60-17.15831,3.390378713607788,0.24135234951972961
t3-exploradores-dga,20130415,20130515,-73.176125,-46.552156,273.0,-1.33,2013,RGI60-17.15831,3.390378713607788,0.24135234951972961
t4-exploradores-dga,20130415,20130515,-73.189848,-46.531325,211.0,-1.32,2013,RGI60-17.15831,3.390378713607788,0.24135234951972961
t5-exploradores-dga,20130415,20130515,-73.182738,-46.531918,207.0,-1.08,2013,RGI60-17.15831,3.390378713607788,0.24135234951972961
t6-exploradores-dga,20130415,20130515,-73.177801,-46.532275,189.0,-1.22,2013,RGI60-17.15831,3.390378713607788,0.24135234951972961
t7-exploradores-dga,20130415,20130515,-73.186442,-46.516707,185.0,-1.29,2013,RGI60-17.15831,3.390378713607788,0.24135234951972961
t8-exploradores-dga,20130415,20130515,-73.177611,-46.516481,191.0,-1.27,2013,RGI60-17.15831,3.390378713607788,0.24135234951972961
t9-exploradores-dga,20130415,20130515,-73.169541,-46.516618,182.0,-1.37,2013,RGI60-17.15831,3.390378713607788,0.24135234951972961
st1-peritomoreno,20021217,20030117,-73.0596028,-50.48905,230.0,-2.2365,2003,RGI60-17.00312,6.0946125984191895,0.5490020513534546
st1-peritomoreno,20030117,20030217,-73.0596028,-50.48905,230.0,-2.2446,2003,RGI60-17.00312,6.0946125984191895,0.5490020513534546
st1-peritomoreno,20030217,20030317,-73.0596028,-50.48905,230.0,-1.7703,2003,RGI60-17.00312,6.0946125984191895,0.5490020513534546
st1-peritomoreno,20030317,20030417,-73.0596028,-50.48905,230.0,-0.9711,2003,RGI60-17.00312,6.0946125984191895,0.5490020513534546
st1-peritomoreno,20030417,20030518,-73.0596028,-50.48905,230.0,-0.6048,2003,RGI60-17.00312,6.0946125984191895,0.5490020513534546
st1-peritomoreno,20030518,20030918,-73.0596028,-50.48905,230.0,-1.6497,2003,RGI60-17.00312,6.0946125984191895,0.5490020513534546
st1-peritomoreno,20030918,20031018,-73.0596028,-50.48905,230.0,-0.9315,2003,RGI60-17.00312,6.0946125984191895,0.5490020513534546
st1-peritomoreno,20031018,20031118,-73.0596028,-50.48905,230.0,-1.8603,2003,RGI60-17.00312,6.0946125984191895,0.5490020513534546
st1-peritomoreno,20031118,20031219,-73.0596028,-50.48905,230.0,-1.8882,2003,RGI60-17.00312,6.0946125984191895,0.5490020513534546
st1-peritomoreno,20031219,20040119,-73.0596028,-50.48905,230.0,-2.9925,2004,RGI60-17.00312,6.0946125984191895,0.5490020513534546
st1-peritomoreno,20040119,20040219,-73.0596028,-50.48905,230.0,-2.781,2004,RGI60-17.00312,6.0946125984191895,0.5490020513534546
st1-peritomoreno,20040219,20040319,-73.0596028,-50.48905,230.0,-2.9007,2004,RGI60-17.00312,6.0946125984191895,0.5490020513534546
st1-peritomoreno,20040319,20040419,-73.0596028,-50.48905,230.0,-1.215,2004,RGI60-17.00312,6.0946125984191895,0.5490020513534546
st1-peritomoreno,20040419,20040520,-73.0596028,-50.48905,230.0,-0.8073,2004,RGI60-17.00312,6.0946125984191895,0.5490020513534546
st1-peritomoreno,20040510,20040613,-73.0596028,-50.48905,230.0,-0.4212,2004,RGI60-17.00312,6.0946125984191895,0.5490020513534546
st1-peritomoreno,20040613,20040914,-73.0596028,-50.48905,230.0,-0.9378,2004,RGI60-17.00312,6.0946125984191895,0.5490020513534546
st1-peritomoreno,20040914,20041014,-73.0596028,-50.48905,230.0,-1.179,2004,RGI60-17.00312,6.0946125984191895,0.5490020513534546
st1-peritomoreno,20041014,20041104,-73.0596028,-50.48905,230.0,-1.2474,2004,RGI60-17.00312,6.0946125984191895,0.5490020513534546
st1-peritomoreno,20041115,20041215,-73.0596028,-50.48905,230.0,-2.1879,2004,RGI60-17.00312,6.0946125984191895,0.5490020513534546
st1-peritomoreno,20041215,20050115,-73.0596028,-50.48905,230.0,-2.6181,2005,RGI60-17.00312,6.0946125984191895,0.5490020513534546
st1-peritomoreno,20050115,20050215,-73.0596028,-50.48905,230.0,-3.114,2005,RGI60-17.00312,6.0946125984191895,0.5490020513534546
st1-peritomoreno,20050215,20050316,-73.0596028,-50.48905,230.0,-2.277,2005,RGI60-17.00312,6.0946125984191895,0.5490020513534546
st1-peritomoreno,20050316,20050416,-73.0596028,-50.48905,230.0,-1.6335,2005,RGI60-17.00312,6.0946125984191895,0.5490020513534546
st1-peritomoreno,20050416,20050517,-73.0596028,-50.48905,230.0,-1.35,2005,RGI60-17.00312,6.0946125984191895,0.5490020513534546
st1-peritomoreno,20050507,20050610,-73.0596028,-50.48905,230.0,-0.1377,2005,RGI60-17.00312,6.0946125984191895,0.5490020513534546
st1-peritomoreno,20050610,20050724,-73.0596028,-50.48905,230.0,-0.2835,2005,RGI60-17.00312,6.0946125984191895,0.5490020513534546
st1-peritomoreno,20050724,20050824,-73.0596028,-50.48905,230.0,-0.0036,2005,RGI60-17.00312,6.0946125984191895,0.5490020513534546
st1-peritomoreno,20050824,20050924,-73.0596028,-50.48905,230.0,-0.6867,2005,RGI60-17.00312,6.0946125984191895,0.5490020513534546
st1-peritomoreno,20050924,20051026,-73.0596028,-50.48905,230.0,-0.9729,2005,RGI60-17.00312,6.0946125984191895,0.5490020513534546
st1-peritomoreno,20051026,20051126,-73.0596028,-50.48905,230.0,-1.656,2005,RGI60-17.00312,6.0946125984191895,0.5490020513534546
st1-peritomoreno,20051126,20051226,-73.0596028,-50.48905,230.0,-2.025,2005,RGI60-17.00312,6.0946125984191895,0.5490020513534546
st1-peritomoreno,20051206,20060106,-73.0596028,-50.48905,230.0,-2.421,2006,RGI60-17.00312,6.0946125984191895,0.5490020513534546
G01,20150123,20150307,-73.21401972,-50.97515611,270.0,-3.3345,2015,RGI60-17.04871,0.256406307220459,0.3725225031375885
G02,20150123,20150306,-73.21668916,-50.9731588,287.0,-4.5315,2015,RGI60-17.04871,0.256406307220459,0.3725225031375885
G03,20150124,20150307,-73.22246194,-50.9701533,336.0,-3.015,2015,RGI60-17.04871,0.256406307220459,0.3725225031375885
G04,20150124,20150307,-73.22913166,-50.96577028,379.0,-3.051,2015,RGI60-17.04871,0.256406307220459,0.3725225031375885
G05,20150126,20150307,-73.20764194,-50.97250972,287.0,-3.582,2015,RGI60-17.04871,0.256406307220459,0.3725225031375885
G06,20150126,20150307,-73.204,-50.97311,277.0,-3.195,2015,RGI60-17.04871,0.256406307220459,0.3725225031375885
G07,20150126,20150307,-73.2097066,-50.97390972,280.0,-3.006,2015,RGI60-17.04871,0.256406307220459,0.3725225031375885
G08,20150126,20150306,-73.2152588,-50.97738555,263.0,-3.105,2015,RGI60-17.04871,0.256406307220459,0.3725225031375885
G02A,20150307,20150919,-73.21651785,-50.97235493,287.0,-3.2805,2015,RGI60-17.04871,0.256406307220459,0.3725225031375885
G03,20150307,20150919,-73.2223235,-50.97016826,336.0,-3.375,2015,RGI60-17.04871,0.256406307220459,0.3725225031375885
G04,20150307,20150919,-73.22887454,-50.96579187,379.0,-4.7655,2015,RGI60-17.04871,0.256406307220459,0.3725225031375885
G07,20150307,20150920,-73.20963435,-50.9740802,280.0,-4.7205,2015,RGI60-17.04871,0.256406307220459,0.3725225031375885
G08A,20150306,20150920,-73.21530673,-50.97746658,263.0,-4.167,2015,RGI60-17.04871,0.256406307220459,0.3725225031375885
G09,20150309,20150919,-73.21991667,-50.97488889,302.0,-3.573,2015,RGI60-17.04871,0.256406307220459,0.3725225031375885
G10,20150309,20150919,-73.21686111,-50.97388889,295.0,-3.546,2015,RGI60-17.04871,0.256406307220459,0.3725225031375885
GSS01,20150310,20150920,-73.27222551,-50.97208799,364.0,-0.594,2015,RGI60-17.04871,0.256406307220459,0.3725225031375885
GSS02,20150310,20150920,-73.27431027,-50.97142241,370.0,-2.907,2015,RGI60-17.04871,0.256406307220459,0.3725225031375885
GSS03,20150310,20150920,-73.2735,-50.97146667,371.0,-2.88,2015,RGI60-17.04871,0.256406307220459,0.3725225031375885
GSS02,20150920,20160129,-73.27431027,-50.97142241,370.0,-7.209,2016,RGI60-17.04871,0.256406307220459,0.3725225031375885
GSS03,20150920,20160129,-73.2735,-50.97146667,371.0,-7.875,2016,RGI60-17.04871,0.256406307220459,0.3725225031375885
1-awsfurg,20130826,20140420,-70.87638,-54.40226,154.0,-7.92,2014,RGI60-17.03160,0.8005614280700684,0.378917932510376
2-awsfurg,20140420,20150204,-70.87666,-54.40241,152.0,-6.507,2015,RGI60-17.03160,0.8005614280700684,0.378917932510376
1-camera2view,20150204,20150909,-70.874212,-54.403366,150.0,-0.783,2015,RGI60-17.03160,0.8005614280700684,0.378917932510376
2-camera2view,20150204,20150909,-70.873731,-54.403301,153.0,-0.774,2015,RGI60-17.03160,0.8005614280700684,0.378917932510376
3-camera2view,20150909,20160409,-70.874212,-54.403366,150.0,-9.189,2016,RGI60-17.03160,0.8005614280700684,0.378917932510376
4-camera2view,20150909,20160409,-70.873731,-54.403301,153.0,-10.017,2016,RGI60-17.03160,0.8005614280700684,0.378917932510376
3-awsfurg,20160409,20161007,-70.8735,-54.399027,185.0,-0.162,2016,RGI60-17.03160,0.8005614280700684,0.378917932510376
4-awsfurg,20161009,20170326,-70.876583,-54.39975,169.0,-6.075,2017,RGI60-17.03160,0.8005614280700684,0.378917932510376
1-baliza,20161009,20170326,-70.878327,-54.399364,164.0,-6.39,2017,RGI60-17.03160,0.8005614280700684,0.378917932510376
2-baliza,20161009,20170326,-70.874049,-54.403512,147.0,-7.722,2017,RGI60-17.03160,0.8005614280700684,0.378917932510376
3-baliza,20161009,20170326,-70.874013,-54.397993,183.0,-6.75,2017,RGI60-17.03160,0.8005614280700684,0.378917932510376
4-baliza,20161009,20170326,-70.870521,-54.396744,193.0,-6.264,2017,RGI60-17.03160,0.8005614280700684,0.378917932510376
1-insidecrevasse,20170326,20181120,-70.87208,-54.3966,188.0,-9.45,2018,RGI60-17.03160,0.8005614280700684,0.378917932510376
5-awsfurg,20170326,20181120,-70.8741,-54.3978361,185.0,-6.3,2018,RGI60-17.03160,0.8005614280700684,0.378917932510376
6-awsfurg,20170326,20181120,-70.877361,-54.3985,168.0,-2.7,2018,RGI60-17.03160,0.8005614280700684,0.378917932510376
7-awsfurg,20181120,20190423,-70.87281677,-54.39777813,188.0,-2.7,2019,RGI60-17.03160,0.8005614280700684,0.378917932510376
8-awsfurg,20181120,20190423,-70.873296,-54.397807,187.0,-2.7,2019,RGI60-17.03160,0.8005614280700684,0.378917932510376
9-awsfurg,20181120,20190423,-70.868284,-54.398028,203.0,-4.41,2019,RGI60-17.03160,0.8005614280700684,0.378917932510376
10-awsfurg,20181120,20190423,-70.868005,-54.398675,207.0,-4.41,2019,RGI60-17.03160,0.8005614280700684,0.378917932510376
11-awsfurg,20181120,20190423,-70.86832,-54.396787,201.0,-4.5,2019,RGI60-17.03160,0.8005614280700684,0.378917932510376
12-awsfurg,20181120,20190423,-70.867957,-54.398644,207.0,-4.59,2019,RGI60-17.03160,0.8005614280700684,0.378917932510376
12-awsfurg,20190423,20200313,-70.87256667,-54.39785,188.0,-6.534,2020,RGI60-17.03160,0.8005614280700684,0.378917932510376
1-northbal,20190423,20200313,-70.86975,-54.396694,197.0,-6.3,2020,RGI60-17.03160,0.8005614280700684,0.378917932510376
1-southbal,20190423,20200313,-70.869505,-54.39883,202.0,-6.12,2020,RGI60-17.03160,0.8005614280700684,0.378917932510376
1-centralbal,20190423,20200313,-70.8693,-54.39827,201.0,-6.867,2020,RGI60-17.03160,0.8005614280700684,0.378917932510376
